query_id	pmid	evidence_level	has_pdf	pdf_source	pdf_usable	usable_reason	in_chunks_v2
1	24747353	abstract_supports_detail	yes	pdfs	yes		yes
10	20375144	abstract_insufficient	yes	pdfs	yes		yes
10	11447112	abstract_supports_detail	yes	pdfs	yes		yes
100	14570871	abstract_supports_detail	yes	pdfs	yes		yes
1000	30367048	abstract_supports_detail	no		no	no_pdf	no
1001	24485835	abstract_supports_core	yes	pdfs	yes		yes
1002	28889942	abstract_supports_core	no		no	no_pdf	no
1003	30393033	abstract_insufficient	yes	manual	yes		yes
1004	16581519	abstract_supports_core	yes	pdfs	yes		yes
1005	9584128	abstract_insufficient	no		no	no_pdf	no
1006	16759735	abstract_supports_core	yes	pdfs	yes		yes
1006	29135990	abstract_supports_detail	yes	manual	yes		yes
1007	28302905	abstract_supports_core	no		no	no_pdf	no
1008	25872182	abstract_insufficient	yes	pdfs	yes		yes
1008	9729606	abstract_supports_detail	yes	pdfs	yes		yes
1008	9126295	abstract_supports_core	yes	pdfs	yes		yes
1008	1728597	abstract_supports_core	yes	pdfs	yes		yes
1009	1312226	abstract_supports_core	yes	pdfs	no	low_chars_per_page	no
1009	3467359	abstract_supports_core	yes	pdfs	yes		yes
101	9739079	abstract_supports_detail	no		no	no_pdf	no
101	10825297	abstract_supports_core	no		no	no_pdf	no
1010	20493808	abstract_supports_detail	yes	pdfs	yes		yes
1011	20493808	abstract_supports_detail	yes	pdfs	yes		yes
1012	11553719	abstract_supports_core	yes	pdfs	yes		yes
1012	15534002	abstract_supports_core	yes	pdfs	yes		yes
1012	15352238	abstract_insufficient	yes	pdfs	yes		yes
1012	10192918	abstract_supports_core	yes	pdfs	no	known_bad	no
1013	10205164	abstract_supports_core	yes	pdfs	yes		yes
1014	11389841	abstract_supports_core	yes	pdfs	yes		yes
1014	18452713	abstract_insufficient	yes	pdfs	yes		yes
1014	18635356	abstract_supports_core	yes	pdfs	yes		yes
1015	10192918	abstract_supports_core	yes	pdfs	no	known_bad	no
1015	10205164	abstract_supports_core	yes	pdfs	yes		yes
1016	16672332	abstract_supports_core	yes	pdfs	yes		yes
1017	28257811	abstract_supports_detail	no		no	no_pdf	no
1018	10873800	abstract_supports_core	yes	pdfs	yes		yes
1018	21335531	abstract_insufficient	yes	pdfs	yes		yes
1019	17660200	abstract_supports_core	yes	pdfs	yes		yes
102	17673666	abstract_supports_core	yes	pdfs	yes		yes
1020	15817229	abstract_insufficient	yes	pdfs	yes		yes
1020	12963116	abstract_insufficient	yes	pdfs	yes		yes
1021	30049880	abstract_supports_detail	no		no	no_pdf	no
1022	21531871	abstract_supports_detail	yes	pdfs	yes		yes
1023	20950684	abstract_supports_detail	yes	pdfs	yes		yes
1024	28076662	abstract_supports_detail	yes	manual	yes		yes
1025	28835546	abstract_supports_detail	yes	manual	yes		yes
1026	25189617	abstract_supports_core	yes	pdfs	yes		yes
1027	21807880	abstract_supports_detail	yes	pdfs	yes		yes
1028	15527790	abstract_insufficient	yes	pdfs	yes		yes
1028	16942924	abstract_supports_core	yes	pdfs	yes		yes
1029	8089175	abstract_supports_detail	yes	pdfs	yes		yes
103	20070309	abstract_supports_detail	yes	pdfs	yes		yes
1030	8089176	abstract_supports_core	yes	pdfs	yes		yes
1031	8432731	abstract_supports_detail	yes	pdfs	yes		yes
1031	2307703	abstract_supports_core	yes	pdfs	yes		yes
1031	2060029	abstract_supports_core	yes	pdfs	yes		yes
1031	3312238	abstract_supports_core	yes	pdfs	yes		yes
1032	20159963	abstract_supports_detail	yes	pdfs	yes		yes
1033	25887420	abstract_insufficient	yes	pdfs	yes		yes
1034	22266904	abstract_supports_core	yes	pdfs	yes		yes
1035	1972546	abstract_supports_detail	yes	pdfs	yes		yes
1035	8898113	abstract_supports_detail	yes	pdfs	yes		yes
1036	19482547	abstract_insufficient	yes	pdfs	yes		yes
1037	18980612	abstract_supports_core	yes	pdfs	yes		yes
1037	16926386	abstract_insufficient	yes	pdfs	yes		yes
1038	10896781	abstract_supports_detail	yes	pdfs	yes		yes
1039	1333365	abstract_insufficient	yes	pdfs	yes		yes
104	23664307	abstract_supports_detail	yes	pdfs	yes		yes
1040	23063531	abstract_supports_detail	yes	pdfs	yes		yes
1040	21766205	abstract_supports_core	yes	pdfs	yes		yes
1041	10375515	abstract_supports_detail	no		no	no_pdf	no
1042	15367206	abstract_supports_detail	yes	pdfs	yes		yes
1043	3837179	abstract_supports_core	yes	pdfs	yes		yes
1043	2850494	abstract_supports_core	yes	pdfs	yes		yes
1043	6724136	abstract_insufficient	yes	pdfs	yes		yes
1044	3902823	abstract_insufficient	yes	pdfs	yes		yes
1045	9692967	abstract_supports_detail	yes	pdfs	yes		yes
1045	2049876	abstract_supports_core	yes	pdfs	yes		yes
1046	8436297	abstract_supports_core	yes	pdfs	yes		yes
1047	25448479	abstract_supports_core	yes	pdfs	yes		yes
1048	1423620	abstract_insufficient	yes	pdfs	yes		yes
1049	10375515	abstract_supports_detail	no		no	no_pdf	no
105	10651904	abstract_supports_core	yes	pdfs	yes		yes
1050	11831389	abstract_supports_detail	yes	pdfs	yes		yes
1051	12771188	abstract_supports_detail	yes	pdfs	yes		yes
1051	17517120	abstract_supports_core	yes	pdfs	yes		yes
1052	7929276	abstract_supports_core	yes	pdfs	yes		yes
1052	7876348	abstract_supports_core	no		no	no_pdf	no
1053	9632105	abstract_supports_core	yes	pdfs	yes		yes
1054	18636095	abstract_supports_core	yes	pdfs	yes		yes
1055	21551065	abstract_supports_detail	no		no	no_pdf	no
1056	8294041	abstract_insufficient	yes	pdfs	yes		yes
1057	9243512	abstract_insufficient	yes	pdfs	yes		yes
1058	29843387	abstract_insufficient	yes	manual	yes		yes
1058	27240981	abstract_supports_core	yes	pdfs	yes		yes
1059	10025509	abstract_supports_core	yes	pdfs	yes		yes
106	10998571	abstract_supports_core	yes	pdfs	yes		yes
1060	11553719	abstract_supports_core	yes	pdfs	yes		yes
1061	30709847	abstract_supports_core	no		no	no_pdf	no
1062	11553719	abstract_supports_core	yes	pdfs	yes		yes
1062	7593293	abstract_supports_core	no		no	no_pdf	no
1063	18636095	abstract_supports_detail	yes	pdfs	yes		yes
1064	22323285	abstract_supports_core	yes	pdfs	yes		yes
1065	2109188	abstract_supports_detail	yes	pdfs	yes		yes
1066	18636095	abstract_supports_detail	yes	pdfs	yes		yes
1067	24349132	abstract_supports_core	yes	pdfs	yes		yes
1068	27240981	abstract_supports_detail	yes	pdfs	yes		yes
1069	15509655	abstract_insufficient	yes	pdfs	yes		yes
1069	12163018	abstract_supports_core	yes	pdfs	yes		yes
107	10669414	abstract_supports_core	yes	pdfs	yes		yes
1070	16573737	abstract_insufficient	yes	pdfs	yes		yes
1071	31786060	abstract_supports_core	no		no	no_pdf	no
1071	12952073	abstract_supports_core	yes	pdfs	yes		yes
1071	15800059	abstract_supports_core	yes	pdfs	yes		yes
1071	15470506	abstract_insufficient	yes	pdfs	yes		yes
1071	24347642	abstract_supports_detail	yes	pdfs	yes		yes
1071	15908944	abstract_supports_detail	yes	pdfs	yes		yes
1071	15509655	abstract_supports_core	yes	pdfs	yes		yes
1072	15470506	abstract_supports_core	yes	pdfs	yes		yes
1072	26940518	abstract_insufficient	yes	pdfs	yes		yes
1073	22647486	abstract_supports_core	yes	pdfs	yes		yes
1074	8294042	abstract_insufficient	yes	pdfs	yes		yes
1075	16968699	abstract_supports_core	yes	pdfs	yes		yes
1076	8294042	abstract_insufficient	yes	pdfs	yes		yes
1077	30808751	abstract_supports_core	yes	manual	yes		yes
1078	20951045	abstract_supports_core	yes	pdfs	yes		yes
1078	10953006	abstract_supports_core	yes	pdfs	yes		yes
1079	8682867	abstract_supports_core	yes	pdfs	yes		yes
1080	26940518	abstract_supports_core	yes	pdfs	yes		yes
1081	16573737	abstract_supports_core	yes	pdfs	yes		yes
1082	16573737	abstract_supports_core	yes	pdfs	yes		yes
1082	26940518	abstract_insufficient	yes	pdfs	yes		yes
1083	10198067	abstract_supports_core	yes	pdfs	yes		yes
1084	10198067	abstract_supports_detail	yes	pdfs	yes		yes
1085	11201251	abstract_supports_detail	yes	pdfs	yes		yes
1086	32531280	abstract_insufficient	no		no	no_pdf	no
1087	15470506	abstract_supports_detail	yes	pdfs	yes		yes
1088	11201251	abstract_supports_detail	yes	pdfs	yes		yes
1088	11222756	abstract_insufficient	yes	pdfs	yes		yes
1089	26940518	abstract_supports_core	yes	pdfs	yes		yes
109	29614268	abstract_insufficient	no		no	no_pdf	no
1090	19325115	abstract_supports_core	yes	pdfs	yes		yes
1091	11201251	abstract_insufficient	yes	pdfs	yes		yes
1091	11222756	abstract_supports_core	yes	pdfs	yes		yes
1092	11222756	abstract_supports_core	yes	pdfs	yes		yes
1093	25496424	abstract_supports_detail	yes	pdfs	yes		yes
1094	27172998	abstract_supports_detail	yes	pdfs	yes		yes
1095	26744136	abstract_supports_detail	yes	pdfs	yes		yes
1096	12186953	abstract_supports_core	yes	pdfs	yes		yes
1096	7507418	abstract_supports_core	yes	pdfs	yes		yes
1097	29614268	abstract_supports_detail	no		no	no_pdf	no
1098	19284976	abstract_supports_core	yes	pdfs	yes		yes
1099	18039932	abstract_insufficient	yes	pdfs	yes		yes
11	19065153	abstract_supports_core	yes	pdfs	yes		yes
110	10791894	abstract_supports_detail	yes	pdfs	yes		yes
1100	16769729	abstract_supports_core	yes	pdfs	yes		yes
1100	12186953	abstract_insufficient	yes	pdfs	yes		yes
1101	22644079	abstract_supports_core	yes	pdfs	yes		yes
1102	18504297	abstract_supports_detail	yes	pdfs	yes		yes
1102	18948008	abstract_insufficient	yes	pdfs	yes		yes
1103	8455930	abstract_supports_core	no		no	no_pdf	no
1103	18504297	abstract_supports_core	yes	pdfs	yes		yes
1104	11606416	abstract_supports_detail	yes	pdfs	yes		yes
1105	27821733	abstract_supports_core	no		no	no_pdf	no
1105	11606416	abstract_supports_core	yes	pdfs	yes		yes
1106	17380187	abstract_supports_detail	yes	pdfs	yes		yes
1106	11500376	abstract_supports_core	yes	pdfs	yes		yes
1107	23791739	abstract_supports_detail	yes	pdfs	yes		yes
1108	11500376	abstract_insufficient	yes	pdfs	yes		yes
1109	16885420	abstract_supports_core	yes	pdfs	yes		yes
1109	11500376	abstract_supports_detail	yes	pdfs	yes		yes
111	22215733	abstract_supports_core	yes	pdfs	yes		yes
1110	15878331	abstract_supports_detail	yes	pdfs	yes		yes
1111	16735078	abstract_supports_detail	yes	pdfs	yes		yes
1112	30473004	abstract_insufficient	yes	manual	yes		yes
1112	24282234	abstract_supports_core	yes	pdfs	yes		yes
1112	10837033	abstract_supports_core	yes	pdfs	yes		yes
1112	16086850	abstract_insufficient	yes	pdfs	yes		yes
1113	10725225	abstract_supports_detail	no		no	no_pdf	no
1113	20833893	abstract_supports_detail	yes	pdfs	yes		yes
1114	2644652	abstract_insufficient	yes	pdfs	yes		yes
1114	1703508	abstract_supports_detail	yes	pdfs	yes		yes
1114	6091907	abstract_supports_detail	yes	pdfs	yes		yes
1115	30473004	abstract_insufficient	yes	manual	yes		yes
1116	10837033	abstract_supports_detail	yes	pdfs	yes		yes
1117	17380187	abstract_supports_core	yes	pdfs	yes		yes
1118	15534002	abstract_supports_core	yes	pdfs	yes		yes
1118	16885420	abstract_insufficient	yes	pdfs	yes		yes
1118	29626371	abstract_insufficient	yes	manual	yes		yes
1119	16885420	abstract_supports_detail	yes	pdfs	yes		yes
112	30669443	abstract_insufficient	yes	manual	yes		yes
1120	15143344	abstract_supports_detail	yes	pdfs	yes		yes
1121	2154684	abstract_supports_core	yes	pdfs	yes		yes
1121	10837033	abstract_insufficient	yes	pdfs	yes		yes
1121	2644652	abstract_supports_detail	yes	pdfs	yes		yes
1122	27960076	abstract_supports_core	no		no	no_pdf	no
1122	30967009	abstract_supports_core	yes	manual	yes		yes
1123	9245789	abstract_supports_detail	yes	pdfs	yes		yes
1124	15534002	abstract_supports_core	yes	pdfs	yes		yes
1125	23843627	abstract_supports_core	yes	pdfs	yes		yes
1125	15194808	abstract_insufficient	yes	pdfs	yes		yes
1126	10652263	abstract_insufficient	no		no	no_pdf	no
1126	8290260	abstract_supports_detail	no		no	no_pdf	no
1127	29847546	abstract_insufficient	yes	manual	yes		yes
1128	22768168	abstract_supports_detail	yes	pdfs	yes		yes
1129	16495312	abstract_supports_detail	yes	pdfs	yes		yes
113	57116	abstract_supports_detail	yes	pdfs	yes		yes
1130	10373524	abstract_insufficient	yes	pdfs	yes		yes
1131	15950752	abstract_supports_detail	yes	pdfs	yes		yes
1132	15883042	abstract_supports_detail	yes	pdfs	yes		yes
1133	9435289	abstract_supports_core	no		no	no_pdf	no
1134	10488068	abstract_supports_detail	yes	pdfs	yes		yes
1135	25887420	abstract_insufficient	yes	pdfs	yes		yes
1136	25131297	abstract_supports_detail	yes	pdfs	yes		yes
1137	15358773	abstract_supports_detail	yes	pdfs	yes		yes
1138	22239817	abstract_supports_detail	yes	pdfs	yes		yes
1139	22386315	abstract_supports_detail	yes	pdfs	yes		yes
114	8244981	abstract_supports_detail	yes	pdfs	yes		yes
1140	29440238	abstract_supports_detail	yes	manual	yes		yes
1141	27125566	abstract_supports_detail	yes	pdfs	yes		yes
1142	23938384	abstract_supports_detail	yes	pdfs	yes		yes
1143	24499792	abstract_supports_core	yes	pdfs	yes		yes
1144	10473630	abstract_supports_detail	yes	pdfs	yes		yes
1145	3029131	abstract_supports_core	yes	pdfs	yes		yes
1145	7806572	abstract_supports_core	yes	pdfs	yes		yes
1147	31016257	abstract_supports_detail	yes	manual	yes		yes
1148	20348387	abstract_supports_core	yes	pdfs	yes		yes
1149	17069655	abstract_supports_detail	yes	pdfs	yes		yes
115	24006265	abstract_supports_detail	yes	pdfs	yes		yes
1150	16876997	abstract_supports_core	yes	pdfs	yes		yes
1151	15679845	abstract_supports_detail	yes	pdfs	yes		yes
1152	11330860	abstract_supports_detail	no		no	no_pdf	no
1153	8643519	abstract_supports_core	yes	pdfs	yes		yes
1154	6299402	abstract_supports_detail	yes	pdfs	yes		yes
1155	22219373	abstract_supports_core	yes	pdfs	yes		yes
1156	11728467	abstract_supports_core	yes	pdfs	yes		yes
1157	20530573	abstract_supports_detail	yes	pdfs	yes		yes
1159	15470253	abstract_insufficient	yes	pdfs	yes		yes
116	10393118	abstract_supports_core	no		no	no_pdf	no
116	9200609	abstract_insufficient	yes	pdfs	yes		yes
1160	12117815	abstract_supports_detail	no		no	no_pdf	no
1161	15470246	abstract_supports_detail	yes	pdfs	yes		yes
1162	9582274	abstract_supports_core	yes	pdfs	yes		yes
1163	9525920	abstract_supports_core	yes	pdfs	yes		yes
1163	8280098	abstract_insufficient	yes	pdfs	yes		yes
1164	25448698	abstract_supports_detail	yes	pdfs	yes		yes
1165	22575510	abstract_supports_detail	yes	pdfs	yes		yes
1166	11481037	abstract_insufficient	yes	pdfs	yes		yes
1167	10744862	abstract_supports_detail	yes	pdfs	yes		yes
1168	24119059	abstract_supports_detail	yes	pdfs	yes		yes
1169	24373846	abstract_supports_detail	yes	pdfs	yes		yes
117	29789591	abstract_insufficient	no		no	no_pdf	no
1170	16810325	abstract_supports_detail	yes	pdfs	yes		yes
1170	17150370	abstract_supports_core	yes	pdfs	yes		yes
1171	21700835	abstract_insufficient	yes	pdfs	yes		yes
1171	16386729	abstract_supports_core	yes	pdfs	yes		yes
1172	32745097	abstract_supports_detail	no		no	no_pdf	no
1173	19635129	abstract_supports_core	yes	pdfs	yes		yes
1174	9582328	abstract_supports_detail	yes	pdfs	yes		yes
1175	15236669	abstract_insufficient	yes	pdfs	yes		yes
1176	17259634	abstract_supports_core	yes	pdfs	yes		yes
1177	20668166	abstract_supports_detail	yes	pdfs	yes		yes
1178	15643073	abstract_supports_detail	yes	pdfs	yes		yes
1179	30808751	abstract_supports_detail	yes	manual	yes		yes
118	1824843	abstract_supports_detail	yes	pdfs	yes		yes
118	7862106	abstract_supports_detail	yes	pdfs	yes		yes
1180	27528044	abstract_supports_detail	yes	pdfs	yes		yes
1181	8999904	abstract_supports_core	yes	pdfs	yes		yes
1181	8999903	abstract_supports_core	yes	pdfs	yes		yes
1182	20348387	abstract_supports_detail	yes	pdfs	yes		yes
1183	16107728	abstract_supports_detail	yes	pdfs	yes		yes
1184	8787732	abstract_supports_detail	no		no	no_pdf	no
1185	11090633	abstract_insufficient	yes	pdfs	yes		yes
1185	11818526	abstract_supports_detail	yes	pdfs	yes		yes
1186	22623154	abstract_supports_core	yes	pdfs	yes		yes
1187	18768936	abstract_supports_core	yes	pdfs	yes		yes
1189	12913271	abstract_supports_core	yes	pdfs	yes		yes
119	16762449	abstract_insufficient	yes	pdfs	yes		yes
1190	7844172	abstract_insufficient	no		no	no_pdf	no
1190	9692967	abstract_supports_core	yes	pdfs	yes		yes
1190	17416892	abstract_supports_core	yes	pdfs	yes		yes
1191	30378390	abstract_supports_detail	no		no	no_pdf	no
1192	15059942	abstract_insufficient	yes	pdfs	yes		yes
1193	2010032	abstract_supports_core	yes	pdfs	yes		yes
1193	1592257	abstract_supports_detail	yes	pdfs	yes		yes
1194	22699506	abstract_supports_detail	yes	pdfs	yes		yes
1195	10704840	abstract_supports_core	yes	pdfs	yes		yes
1196	9576830	abstract_supports_detail	yes	pdfs	yes		yes
1197	1692841	abstract_supports_core	yes	pdfs	yes		yes
1198	26999214	abstract_supports_detail	yes	pdfs	yes		yes
1199	30029002	abstract_supports_core	no		no	no_pdf	no
12	2049880	abstract_supports_core	yes	pdfs	yes		yes
12	7496377	abstract_supports_core	yes	pdfs	yes		yes
120	7657724	abstract_supports_core	no		no	no_pdf	no
1200	12204259	abstract_supports_core	yes	pdfs	yes		yes
1200	9729488	abstract_supports_core	no		no	no_pdf	no
1200	11437439	abstract_supports_core	yes	pdfs	yes		yes
1201	21438914	abstract_supports_detail	yes	pdfs	yes		yes
1202	15878705	abstract_insufficient	yes	pdfs	yes		yes
1203	17997595	abstract_supports_detail	yes	pdfs	yes		yes
1204	26246495	abstract_insufficient	no		no	no_pdf	no
1205	1670774	abstract_insufficient	yes	pdfs	yes		yes
1205	7821221	abstract_supports_detail	no		no	no_pdf	no
1206	7937993	abstract_supports_core	yes	pdfs	yes		yes
1206	1312226	abstract_supports_detail	yes	pdfs	no	low_chars_per_page	no
1206	7713325	abstract_insufficient	yes	pdfs	yes		yes
1207	20351273	abstract_supports_detail	yes	pdfs	yes		yes
1208	12802059	abstract_supports_core	yes	pdfs	yes		yes
1209	30710153	abstract_supports_detail	no		no	no_pdf	no
121	7328669	abstract_supports_detail	yes	pdfs	yes		yes
121	3934167	abstract_supports_detail	yes	pdfs	yes		yes
1210	10591622	abstract_supports_detail	no		no	no_pdf	no
1211	11683490	abstract_supports_detail	yes	pdfs	yes		yes
1212	31128470	abstract_insufficient	no		no	no_pdf	no
1212	16495217	abstract_supports_core	yes	pdfs	yes		yes
1213	5344104	abstract_supports_detail	yes	pdfs	yes		yes
1214	22944283	abstract_supports_core	yes	pdfs	yes		yes
1215	12756178	abstract_supports_detail	yes	pdfs	yes		yes
1216	21602484	abstract_supports_detail	yes	pdfs	yes		yes
1217	7744252	abstract_insufficient	yes	pdfs	yes		yes
1218	24521843	abstract_supports_detail	no		no	no_pdf	no
1219	19037099	abstract_supports_detail	yes	pdfs	yes		yes
122	3149564	abstract_supports_detail	yes	pdfs	yes		yes
1220	26906738	abstract_supports_detail	yes	pdfs	yes		yes
1221	30808751	abstract_supports_detail	yes	manual	yes		yes
1222	18408056	abstract_supports_detail	yes	pdfs	yes		yes
1223	18948008	abstract_supports_core	yes	pdfs	yes		yes
1224	18334553	abstract_supports_detail	yes	pdfs	yes		yes
1225	32531280	abstract_supports_core	no		no	no_pdf	no
1226	26940518	abstract_insufficient	yes	pdfs	yes		yes
1226	9802899	abstract_supports_core	yes	pdfs	yes		yes
1227	24930026	abstract_supports_core	yes	pdfs	yes		yes
1228	23135995	abstract_supports_detail	yes	pdfs	yes		yes
1229	24331584	abstract_supports_core	yes	pdfs	yes		yes
123	11071787	abstract_supports_core	yes	pdfs	yes		yes
1230	23548898	abstract_supports_detail	yes	pdfs	yes		yes
1231	30785840	abstract_supports_detail	yes	manual	yes		yes
1232	29440579	abstract_supports_detail	yes	manual	yes		yes
1233	26940518	abstract_insufficient	yes	pdfs	yes		yes
1233	23363311	abstract_supports_core	yes	pdfs	yes		yes
1234	18334553	abstract_supports_detail	yes	pdfs	yes		yes
1235	24513283	abstract_supports_detail	yes	pdfs	yes		yes
1236	29847546	abstract_insufficient	yes	manual	yes		yes
1237	17031003	abstract_supports_core	yes	pdfs	yes		yes
1238	19833731	abstract_supports_core	yes	pdfs	yes		yes
1239	15548420	abstract_supports_core	yes	pdfs	yes		yes
1239	16512674	abstract_supports_core	yes	pdfs	yes		yes
1239	25496424	abstract_insufficient	yes	pdfs	yes		yes
124	31100984	abstract_supports_detail	yes	manual	yes		yes
1240	12456012	abstract_insufficient	yes	pdfs	yes		yes
1241	23664307	abstract_insufficient	yes	pdfs	yes		yes
1242	25887420	abstract_insufficient	yes	pdfs	yes		yes
1243	23477311	abstract_supports_detail	yes	pdfs	yes		yes
1243	24490801	abstract_supports_core	yes	pdfs	yes		yes
1243	21700835	abstract_supports_core	yes	pdfs	yes		yes
1244	19285397	abstract_supports_core	yes	pdfs	yes		yes
1245	26359303	abstract_supports_detail	yes	pdfs	yes		yes
1246	24490801	abstract_supports_detail	yes	pdfs	yes		yes
1246	23477311	abstract_supports_detail	yes	pdfs	yes		yes
1246	21700835	abstract_supports_core	yes	pdfs	yes		yes
1247	24426151	abstract_supports_core	yes	pdfs	yes		yes
1248	24986648	abstract_supports_core	yes	pdfs	yes		yes
1249	11807934	abstract_insufficient	yes	pdfs	yes		yes
1250	8344435	abstract_supports_detail	yes	pdfs	yes		yes
1251	25887420	abstract_insufficient	yes	pdfs	yes		yes
1252	20949015	abstract_supports_detail	yes	pdfs	yes		yes
1253	9382870	abstract_supports_core	yes	pdfs	yes		yes
1254	10556070	abstract_supports_detail	no		no	no_pdf	no
1255	1333842	abstract_supports_core	yes	pdfs	yes		yes
1256	30617109	abstract_insufficient	yes	manual	yes		yes
1256	16672332	abstract_insufficient	yes	pdfs	yes		yes
1257	23135995	abstract_supports_detail	yes	pdfs	yes		yes
1258	22264729	abstract_supports_core	yes	pdfs	yes		yes
1259	19794886	abstract_supports_core	yes	pdfs	yes		yes
126	30462573	abstract_supports_core	yes	manual	yes		yes
1260	20457612	abstract_supports_detail	yes	pdfs	yes		yes
1261	26315268	abstract_supports_detail	yes	pdfs	yes		yes
1262	17040207	abstract_insufficient	yes	pdfs	yes		yes
1263	11884033	abstract_supports_detail	yes	pdfs	yes		yes
1264	14686953	abstract_insufficient	yes	pdfs	yes		yes
1264	17951519	abstract_supports_detail	yes	pdfs	yes		yes
1265	1555240	abstract_supports_core	yes	pdfs	yes		yes
1266	14597204	abstract_supports_detail	yes	pdfs	yes		yes
1267	9802899	abstract_supports_core	yes	pdfs	yes		yes
1268	12456012	abstract_insufficient	yes	pdfs	yes		yes
1269	6319183	abstract_supports_detail	yes	pdfs	yes		yes
1269	6091559	abstract_supports_detail	yes	pdfs	yes		yes
127	11807934	abstract_insufficient	yes	pdfs	yes		yes
1270	15548420	abstract_insufficient	yes	pdfs	yes		yes
1271	10491202	abstract_supports_core	yes	pdfs	yes		yes
1271	19343174	abstract_insufficient	yes	pdfs	yes		yes
1271	21076008	abstract_supports_core	yes	pdfs	yes		yes
1272	24867644	abstract_supports_core	yes	pdfs	yes		yes
1273	11208126	abstract_supports_detail	yes	pdfs	yes		yes
1274	3622778	abstract_supports_detail	yes	pdfs	yes		yes
1275	3785182	abstract_supports_core	yes	pdfs	yes		yes
1275	1493336	abstract_insufficient	yes	pdfs	yes		yes
1276	9843585	abstract_supports_core	yes	pdfs	yes		yes
1276	18783170	abstract_insufficient	no		no	no_pdf	no
1277	29626371	abstract_supports_detail	yes	manual	yes		yes
1278	20923972	abstract_supports_detail	yes	pdfs	yes		yes
1279	7729526	abstract_supports_detail	yes	pdfs	yes		yes
128	18634783	abstract_insufficient	yes	pdfs	yes		yes
128	21179207	abstract_supports_detail	yes	pdfs	yes		yes
1280	30462573	abstract_supports_core	yes	manual	yes		yes
1281	20951045	abstract_supports_core	yes	pdfs	yes		yes
1282	15050379	abstract_supports_core	yes	pdfs	yes		yes
1283	19466752	abstract_supports_detail	yes	pdfs	yes		yes
1284	15962002	abstract_insufficient	yes	pdfs	yes		yes
1285	14551185	abstract_supports_core	yes	pdfs	yes		yes
1286	11208126	abstract_supports_detail	yes	pdfs	yes		yes
1287	12871696	abstract_insufficient	yes	pdfs	yes		yes
1288	17553489	abstract_supports_core	yes	pdfs	yes		yes
1289	11425877	abstract_supports_detail	yes	pdfs	yes		yes
129	16781008	abstract_insufficient	yes	pdfs	yes		yes
129	21179207	abstract_insufficient	yes	pdfs	yes		yes
1290	1605855	abstract_supports_detail	yes	pdfs	yes		yes
1291	12802064	abstract_supports_core	yes	pdfs	yes		yes
1292	12062103	abstract_supports_core	yes	pdfs	yes		yes
1292	12062104	abstract_supports_core	yes	pdfs	yes		yes
1293	24403600	abstract_supports_detail	yes	pdfs	yes		yes
1294	21602484	abstract_supports_detail	yes	pdfs	yes		yes
1295	14732403	abstract_insufficient	yes	pdfs	yes		yes
1296	9226443	abstract_supports_detail	no		no	no_pdf	no
1298	8089184	abstract_supports_detail	yes	pdfs	yes		yes
1298	7790361	abstract_supports_core	yes	pdfs	yes		yes
1299	12464622	abstract_supports_core	yes	pdfs	yes		yes
13	2926809	abstract_supports_core	yes	pdfs	yes		yes
130	19344251	abstract_supports_detail	yes	pdfs	yes		yes
130	15496465	abstract_supports_detail	yes	pdfs	yes		yes
1300	21169559	abstract_supports_detail	yes	pdfs	yes		yes
1301	24267687	abstract_insufficient	yes	pdfs	yes		yes
1302	18339368	abstract_supports_detail	yes	pdfs	yes		yes
1303	15947191	abstract_insufficient	yes	pdfs	yes		yes
1304	17601746	abstract_supports_detail	yes	pdfs	yes		yes
1304	17562315	abstract_supports_detail	yes	pdfs	yes		yes
1305	1448100	abstract_supports_detail	yes	pdfs	yes		yes
1306	14704357	abstract_supports_detail	yes	pdfs	yes		yes
1307	20573979	abstract_supports_detail	no		no	no_pdf	no
1308	15947191	abstract_supports_detail	yes	pdfs	yes		yes
1309	17004322	abstract_supports_detail	yes	pdfs	yes		yes
131	15075287	abstract_insufficient	yes	pdfs	yes		yes
1310	11163223	abstract_insufficient	yes	pdfs	yes		yes
1310	9446571	abstract_supports_core	yes	pdfs	yes		yes
1311	21536833	abstract_supports_core	yes	pdfs	yes		yes
1311	21807880	abstract_supports_core	yes	pdfs	yes		yes
1312	9486804	abstract_insufficient	no		no	no_pdf	no
1313	12134070	abstract_supports_core	yes	pdfs	yes		yes
1314	11336701	abstract_supports_core	yes	pdfs	yes		yes
1315	23665473	abstract_supports_core	yes	pdfs	yes		yes
1316	15332174	abstract_supports_core	yes	pdfs	yes		yes
1317	12697064	abstract_supports_detail	yes	pdfs	yes		yes
1318	15993406	abstract_supports_core	yes	pdfs	yes		yes
1319	1885577	abstract_supports_detail	yes	pdfs	yes		yes
132	15131307	abstract_supports_core	yes	pdfs	yes		yes
132	9843585	abstract_supports_core	yes	pdfs	yes		yes
1320	15086784	abstract_supports_core	yes	pdfs	yes		yes
1321	12890554	abstract_supports_detail	yes	pdfs	yes		yes
1322	10504413	abstract_supports_core	yes	pdfs	yes		yes
1323	30209138	abstract_supports_detail	no		no	no_pdf	no
1324	10898960	abstract_supports_detail	yes	pdfs	yes		yes
1324	10725352	abstract_supports_detail	yes	pdfs	yes		yes
1325	18951891	abstract_supports_detail	yes	pdfs	yes		yes
1326	12952069	abstract_supports_core	yes	pdfs	yes		yes
1327	15238247	abstract_insufficient	yes	pdfs	yes		yes
1328	9373134	abstract_supports_detail	yes	pdfs	yes		yes
1329	10611970	abstract_insufficient	yes	pdfs	yes		yes
133	27519410	abstract_insufficient	yes	pdfs	yes		yes
1330	10793140	abstract_supports_core	yes	pdfs	yes		yes
1331	16386729	abstract_supports_core	yes	pdfs	yes		yes
1331	7926779	abstract_supports_core	yes	pdfs	yes		yes
1331	14651934	abstract_insufficient	yes	pdfs	yes		yes
1332	15193148	abstract_supports_detail	yes	pdfs	yes		yes
1333	15616122	abstract_supports_core	yes	pdfs	yes		yes
1334	1989999	abstract_supports_detail	yes	pdfs	yes		yes
1335	8026640	abstract_supports_core	yes	pdfs	yes		yes
1335	8026327	abstract_supports_detail	no		no	no_pdf	no
1336	9023987	abstract_supports_detail	yes	pdfs	yes		yes
1337	15225639	abstract_supports_core	yes	pdfs	yes		yes
1338	22119747	abstract_supports_detail	yes	pdfs	yes		yes
1339	8389692	abstract_supports_detail	yes	pdfs	yes		yes
134	15546981	abstract_supports_core	yes	pdfs	yes		yes
1340	3982413	abstract_supports_detail	yes	pdfs	yes		yes
1341	22398446	abstract_supports_core	yes	pdfs	yes		yes
1342	9177486	abstract_insufficient	yes	pdfs	yes		yes
1343	15629062	abstract_insufficient	yes	pdfs	yes		yes
1344	2169446	abstract_supports_core	yes	pdfs	yes		yes
1345	9660787	abstract_supports_detail	yes	pdfs	yes		yes
1346	14593072	abstract_supports_detail	yes	pdfs	yes		yes
1347	10413681	abstract_supports_core	no		no	no_pdf	no
1347	10411959	abstract_supports_core	no		no	no_pdf	no
1347	10704840	abstract_supports_detail	yes	pdfs	yes		yes
1348	4517669	abstract_supports_detail	yes	pdfs	yes		yes
135	10601339	abstract_insufficient	yes	pdfs	yes		yes
1350	24282234	abstract_supports_core	yes	pdfs	yes		yes
1351	8026640	abstract_insufficient	yes	pdfs	yes		yes
1351	25887420	abstract_insufficient	yes	pdfs	yes		yes
1352	1930158	abstract_supports_core	yes	pdfs	yes		yes
1352	7949425	abstract_insufficient	yes	pdfs	yes		yes
1353	10749929	abstract_supports_core	yes	pdfs	yes		yes
1354	25247494	abstract_supports_detail	yes	pdfs	yes		yes
1355	9729488	abstract_supports_core	no		no	no_pdf	no
1356	8986798	abstract_supports_core	yes	pdfs	yes		yes
1357	7813801	abstract_supports_core	yes	pdfs	no	known_bad	no
1358	2601718	abstract_supports_core	yes	pdfs	yes		yes
1358	6352373	abstract_supports_core	yes	pdfs	yes		yes
1358	1646690	abstract_supports_core	yes	pdfs	yes		yes
1358	6549045	abstract_supports_core	yes	pdfs	yes		yes
1359	10571182	abstract_insufficient	yes	pdfs	yes		yes
136	9843585	abstract_supports_core	yes	pdfs	yes		yes
136	9020088	abstract_supports_core	yes	pdfs	yes		yes
136	15131307	abstract_supports_core	yes	pdfs	yes		yes
1360	1033886	abstract_supports_core	yes	pdfs	yes		yes
1361	16814425	abstract_supports_detail	yes	pdfs	yes		yes
1362	7496377	abstract_supports_core	yes	pdfs	yes		yes
1362	2049880	abstract_supports_core	yes	pdfs	yes		yes
1363	3032987	abstract_supports_detail	yes	pdfs	yes		yes
1364	9397534	abstract_supports_detail	yes	pdfs	yes		yes
1365	10545495	abstract_supports_core	yes	pdfs	yes		yes
1365	8816999	abstract_supports_core	yes	pdfs	yes		yes
1366	9880333	abstract_supports_detail	yes	manual	yes		yes
1367	8793298	abstract_supports_detail	yes	pdfs	yes		yes
1368	12015984	abstract_insufficient	yes	pdfs	yes		yes
1369	23213391	abstract_insufficient	yes	pdfs	yes		yes
1369	14641909	abstract_insufficient	yes	pdfs	yes		yes
137	27009206	abstract_supports_core	yes	manual	yes		yes
137	10725225	abstract_insufficient	no		no	no_pdf	no
1370	14641909	abstract_insufficient	yes	pdfs	yes		yes
1371	14641909	abstract_insufficient	yes	pdfs	yes		yes
1372	14641909	abstract_insufficient	yes	pdfs	yes		yes
1373	10854856	abstract_supports_core	yes	pdfs	yes		yes
1373	14641909	abstract_insufficient	yes	pdfs	yes		yes
1374	14641909	abstract_insufficient	yes	pdfs	yes		yes
1374	9693369	abstract_insufficient	yes	pdfs	yes		yes
1375	15470238	abstract_supports_core	yes	pdfs	yes		yes
1376	2038336	abstract_insufficient	yes	pdfs	yes		yes
1377	1555240	abstract_supports_core	yes	pdfs	yes		yes
1377	25887420	abstract_insufficient	yes	pdfs	yes		yes
1377	1995398	abstract_insufficient	yes	pdfs	yes		yes
1378	24986648	abstract_supports_core	yes	pdfs	yes		yes
1379	10725352	abstract_supports_detail	yes	pdfs	yes		yes
138	20807800	abstract_supports_detail	yes	pdfs	yes		yes
1380	14517243	abstract_insufficient	yes	pdfs	yes		yes
1381	14736886	abstract_supports_core	yes	pdfs	yes		yes
1382	11566853	abstract_insufficient	no		no	no_pdf	no
1382	10974109	abstract_insufficient	no		no	no_pdf	no
1383	12796292	abstract_supports_detail	yes	pdfs	yes		yes
1384	7926779	abstract_supports_detail	yes	pdfs	yes		yes
1385	10331990	abstract_supports_core	no		no	no_pdf	no
1386	15509655	abstract_supports_detail	yes	pdfs	yes		yes
1387	27791032	abstract_supports_detail	no		no	no_pdf	no
1388	7937787	abstract_supports_core	yes	pdfs	yes		yes
1389	22992462	abstract_supports_detail	yes	pdfs	yes		yes
139	19286984	abstract_supports_detail	yes	pdfs	yes		yes
1390	27237792	abstract_supports_detail	yes	pdfs	yes		yes
1392	24797076	abstract_supports_detail	yes	pdfs	yes		yes
1393	16920105	abstract_supports_core	yes	pdfs	yes		yes
1394	11927596	abstract_supports_core	yes	pdfs	yes		yes
1394	11481037	abstract_supports_core	yes	pdfs	yes		yes
1395	3956480	abstract_supports_detail	yes	pdfs	yes		yes
1396	26246495	abstract_supports_core	no		no	no_pdf	no
1397	15194808	abstract_supports_core	yes	pdfs	yes		yes
1398	10488068	abstract_supports_detail	yes	pdfs	yes		yes
1399	7851634	abstract_supports_core	yes	pdfs	no	low_chars_per_page	no
14	30808751	abstract_supports_detail	yes	manual	yes		yes
140	11447112	abstract_supports_core	yes	pdfs	yes		yes
1400	22073313	abstract_supports_detail	yes	pdfs	yes		yes
1401	26449461	abstract_supports_detail	yes	pdfs	yes		yes
1403	24086589	abstract_supports_detail	yes	pdfs	yes		yes
1404	16906151	abstract_supports_core	yes	pdfs	yes		yes
1404	11163223	abstract_insufficient	yes	pdfs	yes		yes
1405	12796308	abstract_insufficient	yes	pdfs	yes		yes
1405	18402932	abstract_supports_detail	yes	pdfs	yes		yes
1406	11222756	abstract_insufficient	yes	pdfs	yes		yes
1407	9582328	abstract_supports_detail	yes	pdfs	yes		yes
1408	15363631	abstract_supports_detail	yes	pdfs	yes		yes
1409	15470246	abstract_supports_detail	yes	pdfs	yes		yes
141	30622175	abstract_supports_detail	yes	manual	yes		yes
141	29109256	abstract_supports_core	yes	manual	yes		yes
141	18948008	abstract_supports_core	yes	pdfs	yes		yes
1410	11352578	abstract_supports_core	yes	pdfs	yes		yes
1411	26246495	abstract_insufficient	no		no	no_pdf	no
1412	16672332	abstract_supports_detail	yes	pdfs	yes		yes
1413	15351882	abstract_supports_detail	yes	pdfs	yes		yes
1414	7693675	abstract_supports_core	yes	pdfs	yes		yes
1415	1310316	abstract_supports_core	yes	pdfs	yes		yes
1416	15897458	abstract_supports_core	yes	pdfs	yes		yes
1416	9473320	abstract_supports_detail	yes	pdfs	yes		yes
1417	10749929	abstract_supports_core	yes	pdfs	yes		yes
1418	8647262	abstract_supports_detail	yes	pdfs	yes		yes
1419	8631932	abstract_supports_core	yes	pdfs	yes		yes
142	9880333	abstract_supports_core	yes	manual	yes		yes
142	12018385	abstract_insufficient	yes	pdfs	yes		yes
1420	31002205	abstract_supports_detail	no		no	no_pdf	no
1421	22365144	abstract_supports_detail	yes	pdfs	yes		yes
1421	24587195	abstract_supports_detail	yes	pdfs	yes		yes
1421	18305004	abstract_insufficient	yes	pdfs	yes		yes
1422	18635356	abstract_supports_detail	yes	pdfs	yes		yes
1422	16079174	abstract_supports_core	yes	pdfs	yes		yes
1423	8643615	abstract_insufficient	yes	pdfs	yes		yes
1424	18636095	abstract_supports_detail	yes	pdfs	yes		yes
1424	22323285	abstract_insufficient	yes	pdfs	yes		yes
1425	18948008	abstract_supports_core	yes	pdfs	yes		yes
1425	29109256	abstract_supports_core	yes	manual	yes		yes
1426	30622175	abstract_supports_core	yes	manual	yes		yes
1426	23843627	abstract_insufficient	yes	pdfs	yes		yes
1426	30967009	abstract_supports_core	yes	manual	yes		yes
1426	27960076	abstract_supports_core	no		no	no_pdf	no
1427	11679673	abstract_insufficient	yes	pdfs	yes		yes
1428	19584094	abstract_supports_core	yes	pdfs	yes		yes
1429	7499325	abstract_supports_detail	yes	pdfs	yes		yes
143	31357517	abstract_supports_detail	yes	manual	yes		yes
1430	12686622	abstract_supports_core	yes	pdfs	yes		yes
1431	12198156	abstract_supports_core	yes	pdfs	yes		yes
1432	20923972	abstract_supports_detail	yes	pdfs	yes		yes
1432	9435289	abstract_supports_core	no		no	no_pdf	no
1433	8244981	abstract_supports_core	yes	pdfs	yes		yes
1434	15225305	abstract_insufficient	yes	pdfs	yes		yes
1435	8366107	abstract_supports_core	yes	pdfs	yes		yes
1436	10207040	abstract_insufficient	yes	pdfs	yes		yes
1436	18840649	abstract_supports_detail	yes	pdfs	yes		yes
1437	12204259	abstract_supports_core	yes	pdfs	yes		yes
1438	17625565	abstract_supports_core	yes	pdfs	yes		yes
1438	19833731	abstract_insufficient	yes	pdfs	yes		yes
1439	24390142	abstract_supports_detail	yes	pdfs	yes		yes
144	23503127	abstract_supports_detail	yes	pdfs	yes		yes
144	22302991	abstract_supports_detail	yes	pdfs	yes		yes
144	20375144	abstract_insufficient	yes	pdfs	yes		yes
144	22891261	abstract_insufficient	yes	pdfs	yes		yes
1440	19409937	abstract_supports_detail	yes	pdfs	yes		yes
1441	23885127	abstract_supports_detail	yes	pdfs	yes		yes
1442	3139100	abstract_supports_detail	yes	pdfs	yes		yes
1442	3288206	abstract_supports_detail	yes	pdfs	yes		yes
1443	20493808	abstract_supports_detail	yes	pdfs	yes		yes
1444	22891261	abstract_supports_core	yes	pdfs	yes		yes
1445	19176583	abstract_supports_core	yes	pdfs	yes		yes
1446	23915312	abstract_supports_core	yes	pdfs	yes		yes
1447	22711818	abstract_supports_detail	yes	pdfs	yes		yes
1448	11237875	abstract_supports_detail	yes	pdfs	yes		yes
1449	10873800	abstract_supports_detail	yes	pdfs	yes		yes
145	25646440	abstract_supports_core	yes	pdfs	yes		yes
1450	17068267	abstract_supports_core	yes	pdfs	yes		yes
1451	25887420	abstract_insufficient	yes	pdfs	yes		yes
1452	14871937	abstract_supports_core	yes	pdfs	yes		yes
1453	11274054	abstract_supports_detail	yes	pdfs	yes		yes
1454	8089184	abstract_supports_core	yes	pdfs	yes		yes
1455	26919666	abstract_supports_detail	yes	pdfs	yes		yes
1456	11102804	abstract_supports_core	yes	pdfs	yes		yes
1456	12854977	abstract_supports_detail	yes	pdfs	yes		yes
1457	28546289	abstract_supports_detail	no		no	no_pdf	no
1458	12244067	abstract_supports_detail	yes	pdfs	yes		yes
1458	11423539	abstract_supports_core	yes	pdfs	yes		yes
1459	27172998	abstract_supports_core	yes	pdfs	yes		yes
146	20603609	abstract_insufficient	yes	pdfs	yes		yes
1460	988019	abstract_insufficient	yes	pdfs	yes		yes
1461	11163223	abstract_insufficient	yes	pdfs	yes		yes
1461	16906151	abstract_supports_core	yes	pdfs	yes		yes
1462	8898200	abstract_supports_detail	yes	pdfs	yes		yes
1463	22736763	abstract_supports_detail	yes	pdfs	yes		yes
1464	18385017	abstract_supports_core	yes	pdfs	yes		yes
1464	8110455	abstract_insufficient	yes	pdfs	yes		yes
1464	23886948	abstract_supports_core	yes	pdfs	yes		yes
1465	7744252	abstract_supports_core	yes	pdfs	yes		yes
1466	21900496	abstract_insufficient	yes	pdfs	yes		yes
1467	9177484	abstract_supports_detail	yes	pdfs	yes		yes
1468	24867644	abstract_supports_core	yes	pdfs	yes		yes
1469	14686953	abstract_supports_core	yes	pdfs	yes		yes
1469	17951519	abstract_supports_core	yes	pdfs	yes		yes
147	17501984	abstract_insufficient	yes	pdfs	yes		yes
1470	8050366	abstract_supports_detail	no		no	no_pdf	no
1471	8125261	abstract_supports_core	yes	pdfs	yes		yes
1472	11264536	abstract_supports_core	yes	pdfs	yes		yes
1473	1847147	abstract_supports_detail	yes	manual	yes		yes
1473	1591239	abstract_supports_core	yes	pdfs	yes		yes
1474	19843280	abstract_supports_detail	yes	pdfs	yes		yes
1475	15506982	abstract_supports_core	yes	pdfs	yes		yes
1476	11106661	abstract_supports_detail	yes	pdfs	yes		yes
1477	7966307	abstract_supports_detail	yes	pdfs	no	low_chars_per_page	no
1477	1846924	abstract_insufficient	yes	pdfs	yes		yes
1478	12171931	abstract_insufficient	yes	pdfs	yes		yes
1479	23247359	abstract_supports_core	yes	pdfs	yes		yes
1479	22366457	abstract_supports_detail	yes	pdfs	yes		yes
148	12626495	abstract_supports_core	yes	pdfs	yes		yes
1480	25887420	abstract_insufficient	yes	pdfs	yes		yes
1480	15309638	abstract_insufficient	yes	pdfs	yes		yes
1481	9729488	abstract_supports_core	no		no	no_pdf	no
1482	18039932	abstract_supports_core	yes	pdfs	yes		yes
1482	19284976	abstract_supports_core	yes	pdfs	yes		yes
1483	9177486	abstract_supports_core	yes	pdfs	yes		yes
1484	10556070	abstract_supports_core	no		no	no_pdf	no
1484	1348970	abstract_supports_core	yes	pdfs	yes		yes
1485	12011437	abstract_supports_detail	yes	pdfs	yes		yes
1485	12952076	abstract_insufficient	yes	pdfs	yes		yes
1486	24046445	abstract_supports_detail	yes	pdfs	yes		yes
1487	3035502	abstract_insufficient	yes	pdfs	yes		yes
1488	11686306	abstract_supports_detail	no		no	no_pdf	no
1489	11130075	abstract_supports_core	yes	pdfs	yes		yes
149	20603609	abstract_insufficient	yes	pdfs	yes		yes
1490	17467078	abstract_supports_detail	yes	pdfs	yes		yes
1491	15470429	abstract_supports_core	yes	pdfs	yes		yes
1492	30625171	abstract_supports_core	yes	manual	yes		yes
1493	15470262	abstract_supports_detail	yes	pdfs	yes		yes
1493	16607013	abstract_supports_core	yes	pdfs	yes		yes
1494	8937986	abstract_supports_core	no		no	no_pdf	no
1494	1732064	abstract_supports_detail	yes	pdfs	yes		yes
1495	32792509	abstract_supports_detail	yes	manual	yes		yes
1496	14629118	abstract_supports_core	yes	pdfs	yes		yes
1497	9254905	abstract_supports_detail	yes	pdfs	yes		yes
1498	27044073	abstract_supports_detail	yes	manual	yes		yes
1499	9885293	abstract_supports_detail	no		no	no_pdf	no
15	3923431	abstract_supports_core	yes	pdfs	yes		yes
150	26246495	abstract_supports_core	no		no	no_pdf	no
1500	24335649	abstract_supports_detail	yes	pdfs	yes		yes
1501	21803848	abstract_supports_detail	yes	pdfs	yes		yes
1501	26479198	abstract_supports_core	yes	pdfs	yes		yes
1502	8227212	abstract_supports_core	no		no	no_pdf	no
1503	21374069	abstract_supports_detail	yes	pdfs	yes		yes
1504	10331990	abstract_supports_core	no		no	no_pdf	no
1505	7691416	abstract_supports_detail	yes	pdfs	yes		yes
1506	22572958	abstract_supports_core	yes	pdfs	yes		yes
1506	22090348	abstract_supports_detail	yes	pdfs	yes		yes
1507	20079430	abstract_supports_core	yes	pdfs	yes		yes
1507	20019085	abstract_supports_core	yes	pdfs	yes		yes
1508	23264736	abstract_supports_detail	yes	pdfs	yes		yes
1509	24267687	abstract_supports_core	yes	pdfs	yes		yes
151	20603609	abstract_insufficient	yes	pdfs	yes		yes
1510	22711818	abstract_supports_detail	yes	pdfs	yes		yes
1511	26130809	abstract_supports_detail	yes	pdfs	yes		yes
1512	20567601	abstract_supports_detail	yes	pdfs	yes		yes
1512	21222625	abstract_supports_core	yes	pdfs	yes		yes
1513	29799847	abstract_supports_detail	no		no	no_pdf	no
1514	15908944	abstract_supports_core	yes	pdfs	yes		yes
1515	16336640	abstract_supports_detail	yes	pdfs	yes		yes
1516	29440579	abstract_insufficient	yes	manual	yes		yes
1517	17501984	abstract_supports_detail	yes	pdfs	yes		yes
1518	15470506	abstract_supports_core	yes	pdfs	yes		yes
1519	17584488	abstract_supports_core	yes	pdfs	yes		yes
1519	26940518	abstract_insufficient	yes	pdfs	yes		yes
152	20603609	abstract_insufficient	yes	pdfs	yes		yes
1520	21562226	abstract_supports_detail	yes	pdfs	yes		yes
1521	28049717	abstract_supports_core	no		no	no_pdf	no
1522	31964823	abstract_supports_detail	yes	manual	yes		yes
1523	8567716	abstract_supports_core	yes	pdfs	yes		yes
1524	25999474	abstract_supports_detail	yes	pdfs	yes		yes
1525	8522606	abstract_supports_detail	yes	pdfs	yes		yes
1526	19126673	abstract_supports_core	yes	pdfs	yes		yes
1527	32531280	abstract_supports_detail	no		no	no_pdf	no
1528	30744820	abstract_supports_detail	no		no	no_pdf	no
1529	10545500	abstract_supports_core	yes	pdfs	yes		yes
1529	10962483	abstract_supports_core	yes	pdfs	yes		yes
1529	10825297	abstract_supports_core	no		no	no_pdf	no
153	20070309	abstract_insufficient	yes	pdfs	yes		yes
153	20603609	abstract_insufficient	yes	pdfs	yes		yes
1530	30622175	abstract_supports_core	yes	manual	yes		yes
1531	19466752	abstract_supports_core	yes	pdfs	yes		yes
1532	9307965	abstract_supports_core	yes	pdfs	yes		yes
1532	9373143	abstract_supports_core	yes	pdfs	yes		yes
1533	19176583	abstract_supports_detail	yes	pdfs	yes		yes
1534	29109256	abstract_supports_detail	yes	manual	yes		yes
1535	19000924	abstract_supports_detail	yes	pdfs	yes		yes
1536	15962002	abstract_supports_detail	yes	pdfs	yes		yes
1537	22008230	abstract_supports_detail	yes	pdfs	yes		yes
1538	15259052	abstract_supports_core	yes	pdfs	yes		yes
1539	7657724	abstract_supports_detail	no		no	no_pdf	no
154	1448100	abstract_supports_detail	yes	pdfs	yes		yes
1540	28413119	abstract_supports_detail	no		no	no_pdf	no
1541	9786928	abstract_supports_detail	yes	pdfs	yes		yes
1542	25446527	abstract_supports_detail	yes	pdfs	yes		yes
1543	22323285	abstract_supports_detail	yes	pdfs	yes		yes
1543	18636095	abstract_supports_core	yes	pdfs	yes		yes
1544	9693138	abstract_supports_detail	no		no	no_pdf	no
1545	12142016	abstract_supports_core	yes	pdfs	yes		yes
1546	12161440	abstract_supports_detail	yes	pdfs	yes		yes
1547	8620848	abstract_supports_detail	no		no	no_pdf	no
1549	16781009	abstract_supports_detail	yes	pdfs	yes		yes
155	26460541	abstract_supports_core	yes	pdfs	yes		yes
1550	26940518	abstract_insufficient	yes	pdfs	yes		yes
1550	24248334	abstract_supports_core	yes	pdfs	yes		yes
1551	11598188	abstract_supports_core	yes	pdfs	yes		yes
1552	23387437	abstract_supports_detail	yes	pdfs	yes		yes
1553	9421912	abstract_supports_detail	yes	pdfs	yes		yes
1554	24349132	abstract_supports_core	yes	pdfs	yes		yes
1555	26927887	abstract_supports_core	yes	pdfs	yes		yes
1556	19479821	abstract_supports_core	yes	pdfs	yes		yes
1557	27919433	abstract_supports_detail	no		no	no_pdf	no
1558	9585512	abstract_supports_core	yes	pdfs	yes		yes
1559	32482795	abstract_supports_detail	no		no	no_pdf	no
156	21527280	abstract_supports_core	yes	pdfs	yes		yes
1560	30596802	abstract_supports_core	no		no	no_pdf	no
1561	23301051	abstract_supports_core	yes	pdfs	yes		yes
1562	12538772	abstract_supports_detail	yes	pdfs	yes		yes
1563	11748133	abstract_supports_detail	no		no	no_pdf	no
1564	17332500	abstract_supports_core	yes	pdfs	yes		yes
1565	11854420	abstract_supports_detail	yes	pdfs	yes		yes
1566	20547830	abstract_supports_core	yes	pdfs	yes		yes
1567	11130075	abstract_insufficient	yes	pdfs	yes		yes
1568	12388544	abstract_supports_detail	yes	pdfs	yes		yes
1569	10652263	abstract_supports_detail	no		no	no_pdf	no
1570	22266904	abstract_supports_detail	yes	pdfs	yes		yes
1571	12456012	abstract_insufficient	yes	pdfs	yes		yes
1572	10419694	abstract_supports_detail	yes	pdfs	yes		yes
1573	12244115	abstract_supports_detail	yes	pdfs	yes		yes
1574	11423539	abstract_insufficient	yes	pdfs	yes		yes
1575	11784104	abstract_supports_detail	yes	pdfs	yes		yes
1576	24550398	abstract_supports_detail	yes	pdfs	yes		yes
1577	12796307	abstract_supports_core	yes	pdfs	yes		yes
1577	10725352	abstract_supports_core	yes	pdfs	yes		yes
1578	7738034	abstract_supports_detail	yes	pdfs	no	low_chars_per_page	no
1579	14551196	abstract_supports_detail	yes	pdfs	yes		yes
158	1661590	abstract_supports_detail	yes	pdfs	yes		yes
1580	16135826	abstract_supports_core	yes	pdfs	yes		yes
1581	17951519	abstract_supports_detail	yes	pdfs	yes		yes
1582	8931563	abstract_supports_detail	yes	pdfs	yes		yes
1583	9786875	abstract_supports_core	yes	pdfs	yes		yes
1584	12385972	abstract_supports_detail	no		no	no_pdf	no
1585	11956323	abstract_supports_detail	no		no	no_pdf	no
1586	21393547	abstract_insufficient	yes	pdfs	yes		yes
1587	16672332	abstract_supports_core	yes	pdfs	yes		yes
1588	17314411	abstract_supports_core	yes	pdfs	yes		yes
1589	1321059	abstract_supports_detail	yes	pdfs	yes		yes
159	18402932	abstract_supports_detail	yes	pdfs	yes		yes
159	16906151	abstract_insufficient	yes	pdfs	yes		yes
1590	15632431	abstract_supports_core	yes	pdfs	yes		yes
1591	9486804	abstract_supports_detail	no		no	no_pdf	no
1592	9778249	abstract_supports_detail	yes	pdfs	yes		yes
1593	23910661	abstract_supports_core	yes	pdfs	yes		yes
1593	26018043	abstract_supports_core	yes	pdfs	yes		yes
1594	21441344	abstract_supports_core	yes	pdfs	yes		yes
1596	12062087	abstract_insufficient	yes	pdfs	yes		yes
1597	22864416	abstract_supports_detail	yes	pdfs	yes		yes
1598	1535025	abstract_supports_core	yes	pdfs	yes		yes
1598	7593282	abstract_supports_detail	no		no	no_pdf	no
1599	9582328	abstract_supports_detail	yes	pdfs	yes		yes
16	24036346	abstract_insufficient	yes	pdfs	yes		yes
16	18559084	abstract_insufficient	yes	pdfs	yes		yes
160	8901579	abstract_supports_detail	yes	pdfs	yes		yes
1600	2914932	abstract_supports_core	yes	pdfs	yes		yes
1601	9020178	abstract_supports_detail	yes	pdfs	yes		yes
1602	16672332	abstract_supports_core	yes	pdfs	yes		yes
1603	9808785	abstract_supports_core	yes	pdfs	yes		yes
1604	230476	abstract_insufficient	yes	pdfs	yes		yes
1605	12204259	abstract_supports_core	yes	pdfs	yes		yes
1605	15897458	abstract_insufficient	yes	pdfs	yes		yes
1605	7937993	abstract_supports_core	yes	pdfs	yes		yes
1606	11493573	abstract_supports_detail	no		no	no_pdf	no
1607	10793140	abstract_supports_detail	yes	pdfs	yes		yes
1608	18042625	abstract_supports_detail	yes	pdfs	yes		yes
1609	25451080	abstract_supports_detail	yes	pdfs	yes		yes
161	4982890	abstract_supports_core	yes	pdfs	yes		yes
1610	14629118	abstract_supports_detail	yes	pdfs	yes		yes
1611	31263268	abstract_supports_detail	yes	manual	yes		yes
1612	25887420	abstract_insufficient	yes	pdfs	yes		yes
1613	7790361	abstract_supports_core	yes	pdfs	yes		yes
1614	26395484	abstract_supports_core	yes	pdfs	yes		yes
1615	8561496	abstract_supports_detail	yes	pdfs	yes		yes
1616	15276209	abstract_supports_core	yes	pdfs	yes		yes
1617	6298035	abstract_supports_core	yes	pdfs	yes		yes
1618	12456012	abstract_insufficient	yes	pdfs	yes		yes
1619	8626027	abstract_supports_core	yes	pdfs	yes		yes
162	20660630	abstract_supports_core	yes	pdfs	yes		yes
162	23657816	abstract_supports_core	yes	pdfs	yes		yes
1620	15255188	abstract_supports_core	yes	pdfs	yes		yes
1621	15883156	abstract_insufficient	yes	pdfs	yes		yes
1622	12018385	abstract_supports_core	yes	pdfs	yes		yes
1623	28641070	abstract_supports_core	yes	manual	yes		yes
1623	22754623	abstract_supports_core	yes	pdfs	yes		yes
1624	30670662	abstract_supports_detail	yes	manual	yes		yes
1625	28778987	abstract_supports_detail	no		no	no_pdf	no
1626	15059962	abstract_supports_detail	yes	pdfs	yes		yes
1627	17889831	abstract_supports_detail	yes	pdfs	yes		yes
1628	25341530	abstract_supports_core	yes	pdfs	yes		yes
1629	32087303	abstract_supports_core	no		no	no_pdf	no
163	2663863	abstract_supports_detail	yes	pdfs	yes		yes
1630	31263268	abstract_supports_core	yes	manual	yes		yes
1631	22266904	abstract_supports_core	yes	pdfs	yes		yes
1632	31693171	abstract_supports_detail	yes	manual	yes		yes
1633	15123660	abstract_supports_detail	yes	pdfs	yes		yes
1634	31786060	abstract_supports_detail	no		no	no_pdf	no
1635	10402673	abstract_supports_core	yes	pdfs	yes		yes
1636	25996471	abstract_supports_detail	yes	pdfs	yes		yes
1637	10402673	abstract_supports_core	yes	pdfs	yes		yes
1638	30269947	abstract_supports_core	no		no	no_pdf	no
1639	25878144	abstract_supports_detail	yes	pdfs	yes		yes
1639	25996471	abstract_supports_core	yes	pdfs	yes		yes
164	6746725	abstract_supports_detail	yes	pdfs	yes		yes
1640	23701686	abstract_insufficient	yes	pdfs	yes		yes
1641	24867644	abstract_supports_core	yes	pdfs	yes		yes
1642	22081140	abstract_supports_core	yes	pdfs	yes		yes
1643	24282234	abstract_supports_core	yes	pdfs	yes		yes
1644	12912898	abstract_supports_detail	yes	pdfs	yes		yes
1645	10896781	abstract_supports_detail	yes	pdfs	yes		yes
1646	12802059	abstract_supports_core	yes	pdfs	yes		yes
1647	31714697	abstract_supports_core	no		no	no_pdf	no
1648	22266904	abstract_supports_core	yes	pdfs	yes		yes
1649	10473630	abstract_insufficient	yes	pdfs	yes		yes
1649	16079174	abstract_supports_core	yes	pdfs	yes		yes
1649	22266904	abstract_supports_detail	yes	pdfs	yes		yes
165	25157910	abstract_supports_core	yes	pdfs	yes		yes
1650	30251676	abstract_supports_detail	no		no	no_pdf	no
1651	1851628	abstract_supports_detail	yes	pdfs	yes		yes
1652	2157967	abstract_supports_detail	yes	pdfs	yes		yes
1653	25887420	abstract_insufficient	yes	pdfs	yes		yes
1654	7607079	abstract_supports_detail	no		no	no_pdf	no
1655	15883156	abstract_supports_detail	yes	pdfs	yes		yes
1656	15652353	abstract_supports_detail	yes	pdfs	yes		yes
1657	10473630	abstract_insufficient	yes	pdfs	yes		yes
1658	10473630	abstract_insufficient	yes	pdfs	yes		yes
1659	9275182	abstract_insufficient	yes	pdfs	yes		yes
1659	12018385	abstract_insufficient	yes	pdfs	yes		yes
1659	9427688	abstract_insufficient	no		no	no_pdf	no
166	22269093	abstract_supports_core	yes	pdfs	yes		yes
1660	12372338	abstract_supports_detail	yes	pdfs	yes		yes
1661	15155803	abstract_supports_core	yes	pdfs	yes		yes
1662	9832508	abstract_supports_detail	yes	pdfs	yes		yes
1663	10564654	abstract_insufficient	yes	manual	yes		yes
1663	17416892	abstract_supports_detail	yes	pdfs	yes		yes
1664	7713325	abstract_insufficient	yes	pdfs	yes		yes
1664	8174784	abstract_insufficient	yes	pdfs	no	low_chars_per_page	no
1665	15769639	abstract_supports_detail	yes	pdfs	yes		yes
1666	8951083	abstract_supports_detail	no		no	no_pdf	no
1667	8832405	abstract_insufficient	no		no	no_pdf	no
1668	19284976	abstract_supports_core	yes	pdfs	yes		yes
1669	7774015	abstract_supports_core	yes	pdfs	yes		yes
167	23657816	abstract_supports_core	yes	pdfs	yes		yes
1670	9885293	abstract_supports_core	no		no	no_pdf	no
1671	26246495	abstract_supports_core	no		no	no_pdf	no
1672	22847424	abstract_supports_detail	yes	pdfs	yes		yes
1673	16325504	abstract_supports_detail	yes	pdfs	yes		yes
1674	23902692	abstract_supports_detail	yes	pdfs	yes		yes
1675	26890004	abstract_supports_detail	yes	pdfs	yes		yes
1676	22081140	abstract_supports_detail	yes	pdfs	yes		yes
1677	9394012	abstract_insufficient	no		no	no_pdf	no
1678	9394012	abstract_insufficient	no		no	no_pdf	no
1679	18923426	abstract_supports_detail	yes	pdfs	yes		yes
168	12134070	abstract_insufficient	yes	pdfs	yes		yes
168	10769206	abstract_supports_detail	no		no	no_pdf	no
1680	12388544	abstract_supports_detail	yes	pdfs	yes		yes
1681	20191567	abstract_supports_core	yes	pdfs	yes		yes
1682	12388544	abstract_insufficient	yes	pdfs	yes		yes
1683	18641456	abstract_supports_core	yes	pdfs	yes		yes
1683	20009561	abstract_insufficient	yes	pdfs	yes		yes
1684	15728724	abstract_supports_detail	yes	pdfs	yes		yes
1685	30209138	abstract_insufficient	no		no	no_pdf	no
1686	15689527	abstract_insufficient	yes	pdfs	yes		yes
1687	18703517	abstract_supports_core	yes	pdfs	yes		yes
1688	9191038	abstract_supports_core	no		no	no_pdf	no
1688	9582277	abstract_insufficient	yes	pdfs	yes		yes
1689	31730032	abstract_supports_core	yes	manual	yes		yes
169	17916577	abstract_insufficient	yes	pdfs	yes		yes
1690	16672332	abstract_supports_detail	yes	pdfs	yes		yes
1691	14623897	abstract_insufficient	yes	pdfs	yes		yes
1692	18430243	abstract_insufficient	yes	pdfs	yes		yes
1693	23699396	abstract_supports_detail	yes	pdfs	yes		yes
1695	22891261	abstract_supports_core	yes	pdfs	yes		yes
1696	12455979	abstract_supports_detail	yes	pdfs	yes		yes
1697	7499275	abstract_supports_detail	yes	pdfs	yes		yes
1698	8436297	abstract_insufficient	yes	pdfs	yes		yes
1699	32759812	abstract_supports_detail	yes	manual	yes		yes
17	27009206	abstract_supports_core	yes	manual	yes		yes
170	27519410	abstract_supports_detail	yes	pdfs	yes		yes
1700	15535983	abstract_insufficient	yes	pdfs	yes		yes
1701	12626495	abstract_supports_detail	yes	pdfs	yes		yes
1702	19602247	abstract_supports_detail	yes	pdfs	yes		yes
1703	7733916	abstract_supports_detail	yes	pdfs	no	low_chars_per_page	no
1704	22366457	abstract_supports_detail	yes	pdfs	yes		yes
1705	22366457	abstract_supports_detail	yes	pdfs	yes		yes
171	25887420	abstract_insufficient	yes	pdfs	yes		yes
172	25815683	abstract_supports_detail	yes	pdfs	yes		yes
173	14736886	abstract_supports_core	yes	pdfs	yes		yes
174	26801966	abstract_supports_detail	yes	pdfs	yes		yes
176	20348387	abstract_insufficient	yes	pdfs	yes		yes
176	12529423	abstract_supports_core	yes	pdfs	yes		yes
177	17040207	abstract_supports_core	yes	pdfs	yes		yes
178	16079174	abstract_supports_core	yes	pdfs	yes		yes
178	18635356	abstract_supports_core	yes	pdfs	yes		yes
178	20200230	abstract_supports_core	yes	pdfs	yes		yes
179	18504297	abstract_supports_core	yes	pdfs	yes		yes
18	16343335	abstract_supports_core	yes	pdfs	yes		yes
180	25887420	abstract_insufficient	yes	pdfs	yes		yes
181	18298893	abstract_supports_detail	yes	pdfs	yes		yes
182	17031001	abstract_supports_detail	yes	pdfs	yes		yes
183	3409979	abstract_insufficient	yes	pdfs	yes		yes
183	1719589	abstract_supports_core	yes	pdfs	yes		yes
183	17897809	abstract_supports_core	yes	pdfs	yes		yes
183	1744106	abstract_supports_detail	yes	pdfs	yes		yes
183	25518940	abstract_insufficient	yes	pdfs	yes		yes
183	23063531	abstract_supports_detail	yes	pdfs	yes		yes
183	23974243	abstract_insufficient	yes	pdfs	yes		yes
183	11919178	abstract_supports_core	yes	pdfs	yes		yes
183	6313344	abstract_insufficient	yes	pdfs	yes		yes
184	6129660	abstract_supports_detail	yes	pdfs	no	low_chars_per_page	no
184	7068756	abstract_supports_detail	yes	pdfs	yes		yes
184	6897549	abstract_supports_detail	yes	pdfs	yes		yes
185	8663243	abstract_supports_detail	yes	pdfs	yes		yes
185	3569662	abstract_supports_detail	yes	pdfs	yes		yes
186	21671662	abstract_supports_detail	yes	pdfs	yes		yes
187	1629238	abstract_supports_detail	yes	pdfs	yes		yes
188	6259174	abstract_supports_detail	yes	pdfs	yes		yes
189	11500376	abstract_supports_detail	yes	pdfs	yes		yes
189	20660630	abstract_supports_core	yes	pdfs	yes		yes
19	17659086	abstract_supports_core	yes	pdfs	yes		yes
190	16769729	abstract_supports_detail	yes	pdfs	yes		yes
190	18180289	abstract_supports_core	yes	pdfs	yes		yes
192	1537842	abstract_supports_core	yes	pdfs	yes		yes
193	21541374	abstract_supports_detail	yes	pdfs	yes		yes
194	9742091	abstract_supports_detail	yes	pdfs	yes		yes
195	9847246	abstract_supports_core	no		no	no_pdf	no
195	10571182	abstract_supports_core	yes	pdfs	yes		yes
196	12408804	abstract_supports_core	yes	pdfs	yes		yes
197	8436297	abstract_supports_core	yes	pdfs	yes		yes
197	2049880	abstract_supports_detail	yes	pdfs	yes		yes
198	1537842	abstract_insufficient	yes	pdfs	yes		yes
198	7958880	abstract_supports_core	yes	pdfs	yes		yes
199	11425877	abstract_supports_detail	yes	pdfs	yes		yes
2	6301681	abstract_supports_core	no		no	no_pdf	no
20	10488068	abstract_supports_detail	yes	pdfs	yes		yes
200	11782526	abstract_supports_core	no		no	no_pdf	no
200	11004503	abstract_insufficient	yes	pdfs	yes		yes
201	11004503	abstract_supports_core	yes	pdfs	yes		yes
202	8898890	abstract_supports_core	yes	pdfs	yes		yes
203	8898890	abstract_insufficient	yes	pdfs	yes		yes
203	15470262	abstract_supports_core	yes	pdfs	yes		yes
203	23355006	abstract_insufficient	yes	pdfs	yes		yes
204	10771103	abstract_supports_detail	yes	pdfs	yes		yes
205	29632077	abstract_insufficient	yes	manual	yes		yes
206	27132113	abstract_insufficient	yes	pdfs	yes		yes
207	1869562	abstract_supports_core	yes	pdfs	yes		yes
208	1447151	abstract_supports_core	yes	pdfs	yes		yes
21	10545495	abstract_supports_core	yes	pdfs	yes		yes
210	19176583	abstract_supports_detail	yes	pdfs	yes		yes
211	7981039	abstract_supports_detail	no		no	no_pdf	no
212	11919178	abstract_supports_detail	yes	pdfs	yes		yes
213	10681463	abstract_supports_detail	yes	pdfs	yes		yes
214	9435289	abstract_supports_core	no		no	no_pdf	no
215	21256841	abstract_insufficient	yes	pdfs	yes		yes
216	1493336	abstract_supports_detail	yes	pdfs	yes		yes
217	16512895	abstract_supports_detail	yes	pdfs	yes		yes
217	23686520	abstract_supports_core	yes	pdfs	yes		yes
218	1692327	abstract_supports_detail	yes	pdfs	yes		yes
219	11500376	abstract_supports_core	yes	pdfs	yes		yes
22	25518940	abstract_insufficient	yes	pdfs	yes		yes
220	29440579	abstract_insufficient	yes	manual	yes		yes
221	18430243	abstract_supports_core	yes	pdfs	yes		yes
222	9693369	abstract_supports_core	yes	pdfs	yes		yes
223	8382977	abstract_supports_detail	yes	pdfs	yes		yes
223	8824735	abstract_supports_detail	yes	pdfs	yes		yes
224	12953059	abstract_supports_detail	yes	pdfs	yes		yes
225	10652255	abstract_supports_detail	no		no	no_pdf	no
226	12062103	abstract_supports_core	yes	pdfs	yes		yes
226	17623773	abstract_supports_core	yes	pdfs	yes		yes
227	22266904	abstract_supports_core	yes	pdfs	yes		yes
228	25131297	abstract_supports_detail	yes	pdfs	yes		yes
229	22811266	abstract_supports_detail	yes	pdfs	yes		yes
23	9373143	abstract_insufficient	yes	pdfs	yes		yes
230	21300429	abstract_insufficient	yes	pdfs	yes		yes
231	8754814	abstract_supports_detail	yes	pdfs	yes		yes
232	1966011	abstract_supports_detail	yes	pdfs	yes		yes
233	16950926	abstract_insufficient	yes	pdfs	yes		yes
233	26940518	abstract_insufficient	yes	pdfs	yes		yes
234	17462897	abstract_supports_detail	yes	pdfs	yes		yes
235	26339297	abstract_supports_core	yes	pdfs	yes		yes
236	15358428	abstract_supports_detail	yes	pdfs	yes		yes
236	17172447	abstract_supports_core	yes	pdfs	yes		yes
237	11713866	abstract_supports_core	yes	pdfs	yes		yes
239	19465563	abstract_supports_detail	yes	pdfs	yes		yes
24	21551065	abstract_supports_detail	no		no	no_pdf	no
240	20539780	abstract_supports_detail	yes	pdfs	yes		yes
241	15606490	abstract_insufficient	yes	pdfs	yes		yes
242	18426773	abstract_supports_core	yes	pdfs	yes		yes
242	16371424	abstract_supports_core	no		no	no_pdf	no
243	11818526	abstract_supports_detail	yes	pdfs	yes		yes
244	10444594	abstract_supports_core	yes	pdfs	yes		yes
245	11371560	abstract_supports_detail	yes	pdfs	yes		yes
245	11818526	abstract_supports_core	yes	pdfs	yes		yes
245	11090633	abstract_supports_core	yes	pdfs	yes		yes
246	12198158	abstract_insufficient	yes	pdfs	yes		yes
246	16546177	abstract_supports_core	yes	pdfs	yes		yes
247	24136144	abstract_supports_core	yes	pdfs	yes		yes
248	12198158	abstract_supports_detail	yes	pdfs	yes		yes
249	2991046	abstract_supports_core	yes	pdfs	yes		yes
249	3035502	abstract_supports_core	yes	pdfs	yes		yes
25	30061306	abstract_supports_detail	yes	manual	yes		yes
250	27997579	abstract_supports_detail	yes	manual	yes		yes
251	9053320	abstract_supports_detail	no		no	no_pdf	no
252	11223952	abstract_supports_detail	yes	pdfs	yes		yes
252	9238018	abstract_supports_detail	yes	pdfs	yes		yes
253	8034739	abstract_supports_core	yes	pdfs	yes		yes
254	15225305	abstract_supports_detail	yes	pdfs	yes		yes
255	14617352	abstract_supports_detail	yes	pdfs	yes		yes
256	32087303	abstract_insufficient	no		no	no_pdf	no
256	30048658	abstract_supports_detail	no		no	no_pdf	no
257	24335649	abstract_supports_detail	yes	pdfs	yes		yes
258	11371560	abstract_supports_core	yes	pdfs	yes		yes
259	25086066	abstract_supports_detail	yes	pdfs	yes		yes
26	27044073	abstract_supports_core	yes	manual	yes		yes
260	988019	abstract_supports_detail	yes	pdfs	yes		yes
261	23886948	abstract_supports_detail	yes	pdfs	yes		yes
262	11872142	abstract_supports_detail	yes	pdfs	yes		yes
263	7790362	abstract_supports_detail	yes	pdfs	yes		yes
264	12963116	abstract_supports_core	yes	pdfs	yes		yes
265	10747962	abstract_supports_detail	yes	pdfs	yes		yes
266	17488289	abstract_supports_core	yes	pdfs	yes		yes
267	24653039	abstract_supports_detail	yes	pdfs	yes		yes
268	1713034	abstract_supports_core	yes	pdfs	yes		yes
269	15962002	abstract_supports_detail	yes	pdfs	yes		yes
27	10970875	abstract_supports_detail	yes	pdfs	yes		yes
270	12952076	abstract_insufficient	yes	pdfs	yes		yes
271	15289548	abstract_insufficient	yes	pdfs	yes		yes
272	27821733	abstract_supports_core	no		no	no_pdf	no
273	7713325	abstract_supports_core	yes	pdfs	yes		yes
274	20940261	abstract_supports_detail	yes	pdfs	yes		yes
275	2471657	abstract_supports_core	yes	pdfs	yes		yes
276	2471657	abstract_insufficient	yes	pdfs	yes		yes
277	2601718	abstract_supports_core	yes	pdfs	yes		yes
277	3358933	abstract_supports_core	yes	pdfs	yes		yes
278	8760935	abstract_supports_core	yes	pdfs	yes		yes
278	2171724	abstract_insufficient	yes	pdfs	yes		yes
279	8404532	abstract_supports_core	no		no	no_pdf	no
28	16762450	abstract_insufficient	yes	pdfs	yes		yes
280	12117815	abstract_supports_core	no		no	no_pdf	no
280	12912898	abstract_insufficient	yes	pdfs	yes		yes
281	29690637	abstract_supports_detail	yes	manual	yes		yes
282	20008082	abstract_supports_core	yes	pdfs	yes		yes
283	7822274	abstract_supports_core	yes	pdfs	no	low_chars_per_page	no
283	9201999	abstract_supports_detail	yes	pdfs	yes		yes
284	16593709	abstract_supports_core	yes	pdfs	yes		yes
284	16453689	abstract_supports_core	yes	pdfs	yes		yes
285	19757394	abstract_supports_detail	yes	pdfs	yes		yes
286	18701541	abstract_supports_detail	yes	pdfs	yes		yes
287	12455979	abstract_supports_core	yes	pdfs	yes		yes
288	29135990	abstract_supports_core	yes	manual	yes		yes
289	30194235	abstract_insufficient	no		no	no_pdf	no
29	26152465	abstract_supports_core	yes	pdfs	yes		yes
290	18216168	abstract_insufficient	yes	pdfs	yes		yes
291	1577798	abstract_supports_core	yes	pdfs	yes		yes
294	10681463	abstract_supports_core	yes	pdfs	yes		yes
295	25208883	abstract_supports_core	yes	pdfs	yes		yes
296	29602783	abstract_supports_detail	no		no	no_pdf	no
297	31216233	abstract_insufficient	yes	manual	yes		yes
298	19021631	abstract_supports_core	yes	pdfs	yes		yes
299	12464622	abstract_supports_core	yes	pdfs	yes		yes
3	6429548	abstract_insufficient	yes	pdfs	no	low_chars_per_page	no
30	10712614	abstract_supports_core	yes	pdfs	yes		yes
300	23441816	abstract_supports_detail	yes	pdfs	yes		yes
301	8806827	abstract_supports_detail	yes	pdfs	yes		yes
301	11792801	abstract_supports_core	no		no	no_pdf	no
302	16734666	abstract_supports_detail	yes	pdfs	yes		yes
303	8626027	abstract_insufficient	yes	pdfs	yes		yes
304	16644729	abstract_supports_detail	yes	pdfs	yes		yes
305	17467078	abstract_supports_core	yes	pdfs	yes		yes
306	24986648	abstract_supports_detail	yes	pdfs	yes		yes
307	27125566	abstract_supports_detail	yes	pdfs	yes		yes
308	28057864	abstract_supports_detail	yes	manual	yes		yes
309	11683394	abstract_supports_detail	no		no	no_pdf	no
310	10821768	abstract_supports_core	no		no	no_pdf	no
311	11956323	abstract_supports_core	no		no	no_pdf	no
312	1651931	abstract_supports_detail	yes	pdfs	yes		yes
313	21193547	abstract_supports_core	yes	pdfs	yes		yes
314	23213391	abstract_supports_detail	yes	pdfs	yes		yes
315	22403666	abstract_supports_detail	yes	pdfs	yes		yes
316	8448193	abstract_supports_core	yes	pdfs	yes		yes
317	22302991	abstract_insufficient	yes	pdfs	yes		yes
317	21085675	abstract_supports_core	yes	pdfs	yes		yes
318	9739079	abstract_supports_core	no		no	no_pdf	no
319	1469051	abstract_supports_core	yes	pdfs	yes		yes
32	9284050	abstract_supports_core	yes	pdfs	yes		yes
320	9582274	abstract_supports_core	yes	pdfs	yes		yes
321	8670894	abstract_supports_core	yes	pdfs	yes		yes
321	10373524	abstract_supports_core	yes	pdfs	yes		yes
322	8670894	abstract_insufficient	yes	pdfs	yes		yes
322	10373524	abstract_supports_detail	yes	pdfs	yes		yes
323	10593934	abstract_supports_core	yes	pdfs	yes		yes
324	12456012	abstract_supports_core	yes	pdfs	yes		yes
325	26246495	abstract_insufficient	no		no	no_pdf	no
325	12626495	abstract_insufficient	yes	pdfs	yes		yes
326	17664333	abstract_insufficient	yes	pdfs	yes		yes
327	12890554	abstract_supports_detail	yes	pdfs	yes		yes
329	17467078	abstract_supports_core	yes	pdfs	yes		yes
329	1725525	abstract_insufficient	no		no	no_pdf	no
33	24036345	abstract_supports_detail	yes	pdfs	yes		yes
330	15225639	abstract_supports_core	yes	pdfs	yes		yes
331	25518940	abstract_supports_core	yes	pdfs	yes		yes
332	14729573	abstract_supports_detail	yes	pdfs	yes		yes
333	19203583	abstract_insufficient	yes	pdfs	yes		yes
333	17548361	abstract_insufficient	yes	pdfs	yes		yes
334	25887420	abstract_insufficient	yes	pdfs	yes		yes
335	25963254	abstract_supports_detail	yes	pdfs	yes		yes
336	21871890	abstract_supports_detail	yes	pdfs	yes		yes
337	1663029	abstract_insufficient	no		no	no_pdf	no
337	7641976	abstract_supports_core	yes	pdfs	yes		yes
337	2196444	abstract_supports_core	yes	pdfs	yes		yes
337	2049883	abstract_supports_core	no		no	no_pdf	no
338	18636095	abstract_insufficient	yes	pdfs	yes		yes
339	18636095	abstract_insufficient	yes	pdfs	yes		yes
34	25878144	abstract_supports_core	yes	pdfs	yes		yes
340	18636095	abstract_supports_core	yes	pdfs	yes		yes
341	8382181	abstract_supports_detail	yes	pdfs	yes		yes
342	12788229	abstract_supports_detail	yes	pdfs	yes		yes
343	2515990	abstract_supports_detail	yes	pdfs	yes		yes
344	21536833	abstract_supports_detail	yes	pdfs	yes		yes
345	9020088	abstract_supports_detail	yes	pdfs	yes		yes
346	1670774	abstract_supports_core	yes	pdfs	yes		yes
346	23886948	abstract_insufficient	yes	pdfs	yes		yes
346	1355376	abstract_supports_core	yes	pdfs	yes		yes
347	7813009	abstract_supports_detail	yes	pdfs	yes		yes
348	10848626	abstract_supports_detail	yes	manual	yes		yes
349	7622596	abstract_supports_core	no		no	no_pdf	no
35	57116	abstract_insufficient	yes	pdfs	yes		yes
35	96112	abstract_supports_core	yes	pdfs	yes		yes
350	7565716	abstract_supports_detail	yes	pdfs	yes		yes
351	16822579	abstract_insufficient	yes	pdfs	yes		yes
352	12954783	abstract_supports_detail	yes	pdfs	yes		yes
353	14686953	abstract_supports_core	yes	pdfs	yes		yes
354	18430243	abstract_supports_core	yes	pdfs	yes		yes
355	21169559	abstract_supports_detail	yes	pdfs	yes		yes
356	20348387	abstract_insufficient	yes	pdfs	yes		yes
357	9169048	abstract_supports_core	yes	pdfs	yes		yes
358	12060658	abstract_supports_detail	yes	pdfs	yes		yes
36	31237867	abstract_supports_detail	yes	manual	yes		yes
360	29698704	abstract_supports_detail	no		no	no_pdf	no
361	23679940	abstract_supports_detail	yes	pdfs	yes		yes
362	12796308	abstract_insufficient	yes	pdfs	yes		yes
363	18809930	abstract_insufficient	yes	pdfs	yes		yes
364	27240981	abstract_supports_core	yes	pdfs	yes		yes
365	16282589	abstract_supports_core	yes	pdfs	yes		yes
365	16400165	abstract_supports_core	yes	pdfs	yes		yes
366	23877245	abstract_supports_detail	yes	pdfs	yes		yes
367	8898366	abstract_supports_core	yes	pdfs	yes		yes
367	12186956	abstract_supports_detail	yes	pdfs	yes		yes
368	29843387	abstract_supports_detail	yes	manual	yes		yes
369	10793140	abstract_supports_core	yes	pdfs	yes		yes
369	11270120	abstract_supports_detail	yes	pdfs	yes		yes
37	15255188	abstract_insufficient	yes	pdfs	yes		yes
370	17481898	abstract_supports_core	yes	pdfs	yes		yes
371	11777934	abstract_supports_core	yes	pdfs	yes		yes
373	32818671	abstract_supports_detail	no		no	no_pdf	no
374	18636095	abstract_supports_detail	yes	pdfs	yes		yes
375	18636095	abstract_supports_detail	yes	pdfs	yes		yes
376	11285226	abstract_supports_core	yes	pdfs	yes		yes
376	9188459	abstract_insufficient	yes	pdfs	yes		yes
377	11285226	abstract_supports_detail	yes	pdfs	yes		yes
378	1334012	abstract_supports_detail	yes	pdfs	yes		yes
379	25609090	abstract_supports_detail	yes	pdfs	yes		yes
38	18590548	abstract_insufficient	yes	pdfs	yes		yes
380	25298405	abstract_supports_core	yes	pdfs	yes		yes
381	18216168	abstract_supports_detail	yes	pdfs	yes		yes
382	12796308	abstract_insufficient	yes	pdfs	yes		yes
383	31357517	abstract_supports_core	yes	manual	yes		yes
384	10747962	abstract_insufficient	yes	pdfs	yes		yes
385	1703508	abstract_supports_core	yes	pdfs	yes		yes
385	7641977	abstract_supports_detail	yes	pdfs	yes		yes
386	5530749	abstract_supports_core	yes	manual	yes		yes
387	22038042	abstract_supports_detail	yes	pdfs	yes		yes
388	25887420	abstract_insufficient	yes	pdfs	yes		yes
389	30771446	abstract_supports_detail	no		no	no_pdf	no
39	15325281	abstract_supports_detail	yes	pdfs	yes		yes
390	31991113	abstract_insufficient	no		no	no_pdf	no
391	14595117	abstract_supports_core	yes	pdfs	yes		yes
392	23135995	abstract_insufficient	yes	pdfs	yes		yes
393	23679940	abstract_supports_core	yes	pdfs	yes		yes
394	27170354	abstract_supports_detail	yes	pdfs	yes		yes
395	11823417	abstract_supports_core	yes	pdfs	yes		yes
396	20200225	abstract_supports_core	yes	pdfs	yes		yes
397	9880338	abstract_supports_detail	yes	pdfs	yes		yes
398	15186508	abstract_supports_core	yes	pdfs	yes		yes
399	26853472	abstract_supports_detail	yes	pdfs	yes		yes
4	32818671	abstract_supports_core	no		no	no_pdf	no
40	21393547	abstract_supports_core	yes	pdfs	yes		yes
400	9732292	abstract_insufficient	yes	pdfs	yes		yes
401	8663243	abstract_supports_core	yes	pdfs	yes		yes
401	3569662	abstract_supports_detail	yes	pdfs	yes		yes
402	8626027	abstract_supports_core	yes	pdfs	yes		yes
403	3029131	abstract_supports_core	yes	pdfs	yes		yes
404	8200481	abstract_supports_core	yes	pdfs	no	low_chars_per_page	no
405	8200481	abstract_supports_detail	yes	pdfs	no	low_chars_per_page	no
406	7729573	abstract_supports_core	yes	pdfs	no	low_chars_per_page	no
408	11488929	abstract_insufficient	yes	pdfs	yes		yes
409	15309638	abstract_insufficient	yes	pdfs	yes		yes
41	11719559	abstract_supports_detail	no		no	no_pdf	no
410	15309638	abstract_insufficient	yes	pdfs	yes		yes
411	12697064	abstract_supports_detail	yes	pdfs	yes		yes
412	12499361	abstract_supports_detail	yes	pdfs	yes		yes
413	30194235	abstract_supports_core	no		no	no_pdf	no
414	22264729	abstract_supports_detail	yes	pdfs	yes		yes
415	19864630	abstract_supports_core	yes	pdfs	yes		yes
416	20079430	abstract_supports_detail	yes	pdfs	yes		yes
416	20019085	abstract_supports_core	yes	pdfs	yes		yes
417	31730032	abstract_supports_core	yes	manual	yes		yes
418	7935416	abstract_supports_detail	yes	pdfs	yes		yes
419	30462573	abstract_supports_core	yes	manual	yes		yes
419	28584190	abstract_insufficient	yes	manual	yes		yes
42	17314411	abstract_supports_core	yes	pdfs	yes		yes
42	21701600	abstract_supports_core	yes	pdfs	yes		yes
420	7844154	abstract_supports_core	yes	pdfs	yes		yes
421	25646440	abstract_supports_detail	yes	pdfs	yes		yes
422	1549373	abstract_supports_detail	no		no	no_pdf	no
423	12626495	abstract_supports_detail	yes	pdfs	yes		yes
424	2157129	abstract_supports_detail	yes	pdfs	yes		yes
424	2177818	abstract_supports_detail	yes	pdfs	yes		yes
425	8294042	abstract_insufficient	yes	pdfs	yes		yes
426	2038336	abstract_supports_detail	yes	pdfs	yes		yes
427	9729488	abstract_supports_core	no		no	no_pdf	no
427	15075287	abstract_supports_core	yes	pdfs	yes		yes
427	2010032	abstract_insufficient	yes	pdfs	yes		yes
428	8294042	abstract_insufficient	yes	pdfs	yes		yes
429	11179674	abstract_supports_detail	yes	pdfs	yes		yes
43	9548725	abstract_supports_detail	yes	pdfs	yes		yes
430	23264736	abstract_supports_detail	yes	pdfs	yes		yes
431	17625565	abstract_supports_core	yes	pdfs	yes		yes
432	16762449	abstract_supports_detail	yes	pdfs	yes		yes
433	11179674	abstract_supports_core	yes	pdfs	yes		yes
434	30967009	abstract_supports_core	yes	manual	yes		yes
435	11410363	abstract_insufficient	yes	pdfs	yes		yes
435	12204259	abstract_insufficient	yes	pdfs	yes		yes
435	14729573	abstract_insufficient	yes	pdfs	yes		yes
436	7556903	abstract_supports_core	yes	pdfs	no	low_chars_per_page	no
436	15470253	abstract_insufficient	yes	pdfs	yes		yes
437	21810415	abstract_supports_core	yes	pdfs	yes		yes
438	25887420	abstract_insufficient	yes	pdfs	yes		yes
439	15309638	abstract_supports_core	yes	pdfs	yes		yes
44	15548420	abstract_supports_core	yes	pdfs	yes		yes
440	30473004	abstract_insufficient	yes	manual	yes		yes
440	24282234	abstract_supports_core	yes	pdfs	yes		yes
441	16086850	abstract_insufficient	yes	pdfs	yes		yes
443	11927596	abstract_supports_detail	yes	pdfs	yes		yes
443	11481037	abstract_insufficient	yes	pdfs	yes		yes
444	22944283	abstract_insufficient	yes	pdfs	yes		yes
445	31823727	abstract_insufficient	yes	manual	yes		yes
447	8294042	abstract_supports_detail	yes	pdfs	yes		yes
448	29912958	abstract_supports_core	yes	manual	yes		yes
448	23056506	abstract_supports_core	yes	pdfs	yes		yes
449	21810415	abstract_supports_detail	yes	pdfs	yes		yes
45	9334183	abstract_supports_detail	yes	pdfs	yes		yes
450	25143406	abstract_supports_detail	yes	pdfs	yes		yes
451	25330233	abstract_supports_detail	yes	pdfs	yes		yes
451	27669405	abstract_supports_core	yes	manual	yes		yes
452	7954798	abstract_supports_detail	yes	pdfs	yes		yes
453	2505671	abstract_supports_core	yes	pdfs	yes		yes
454	23369714	abstract_supports_detail	yes	pdfs	yes		yes
455	29440238	abstract_supports_core	yes	manual	yes		yes
456	32210949	abstract_supports_core	yes	manual	yes		yes
458	10898960	abstract_supports_detail	yes	pdfs	yes		yes
459	12796307	abstract_insufficient	yes	pdfs	yes		yes
459	11390363	abstract_supports_detail	yes	pdfs	yes		yes
46	12600317	abstract_supports_detail	yes	pdfs	yes		yes
460	10791894	abstract_insufficient	yes	pdfs	yes		yes
461	21085675	abstract_supports_detail	yes	pdfs	yes		yes
462	21551065	abstract_supports_detail	no		no	no_pdf	no
463	10978342	abstract_supports_detail	yes	pdfs	yes		yes
464	15363631	abstract_supports_core	yes	pdfs	yes		yes
465	8522584	abstract_supports_detail	yes	pdfs	yes		yes
466	11256995	abstract_supports_core	no		no	no_pdf	no
466	11553719	abstract_insufficient	yes	pdfs	yes		yes
467	30617109	abstract_supports_core	yes	manual	yes		yes
468	26906738	abstract_supports_core	yes	pdfs	yes		yes
469	28879231	abstract_supports_detail	yes	manual	yes		yes
47	1348970	abstract_supports_detail	yes	pdfs	yes		yes
470	15740615	abstract_insufficient	yes	pdfs	yes		yes
471	24331584	abstract_insufficient	yes	pdfs	yes		yes
472	16675552	abstract_supports_core	yes	pdfs	yes		yes
473	30808751	abstract_insufficient	yes	manual	yes		yes
473	15908944	abstract_supports_core	yes	pdfs	yes		yes
474	18996984	abstract_supports_detail	yes	pdfs	yes		yes
475	25932374	abstract_supports_detail	yes	pdfs	yes		yes
476	22375061	abstract_insufficient	yes	pdfs	yes		yes
477	22899719	abstract_supports_detail	yes	pdfs	yes		yes
478	21300429	abstract_supports_detail	yes	pdfs	yes		yes
479	17889831	abstract_supports_detail	yes	pdfs	yes		yes
48	20062541	abstract_supports_detail	yes	pdfs	yes		yes
480	21606208	abstract_supports_detail	yes	pdfs	yes		yes
481	11553701	abstract_supports_core	yes	pdfs	yes		yes
482	3954779	abstract_supports_core	yes	pdfs	yes		yes
483	16176950	abstract_supports_core	yes	pdfs	yes		yes
484	24550398	abstract_insufficient	yes	pdfs	yes		yes
484	25341530	abstract_supports_core	yes	pdfs	yes		yes
485	24128258	abstract_supports_detail	yes	pdfs	yes		yes
486	20951045	abstract_supports_detail	yes	pdfs	yes		yes
487	32818671	abstract_supports_core	no		no	no_pdf	no
488	16079174	abstract_supports_core	yes	pdfs	yes		yes
488	20457612	abstract_supports_core	yes	pdfs	yes		yes
489	32818671	abstract_insufficient	no		no	no_pdf	no
489	20951045	abstract_supports_core	yes	pdfs	yes		yes
489	25298405	abstract_insufficient	yes	pdfs	yes		yes
49	20062541	abstract_supports_core	yes	pdfs	yes		yes
490	11559753	abstract_supports_detail	no		no	no_pdf	no
491	15760480	abstract_supports_core	yes	pdfs	yes		yes
492	28330902	abstract_supports_detail	yes	manual	yes		yes
493	28057864	abstract_supports_detail	yes	manual	yes		yes
494	21846933	abstract_supports_detail	yes	pdfs	yes		yes
495	20969846	abstract_supports_detail	yes	pdfs	yes		yes
496	21396932	abstract_supports_detail	yes	pdfs	yes		yes
497	26415699	abstract_supports_detail	yes	pdfs	yes		yes
498	9578623	abstract_supports_detail	yes	pdfs	yes		yes
499	15993406	abstract_insufficient	yes	pdfs	yes		yes
5	23577638	abstract_supports_detail	yes	pdfs	yes		yes
50	20472692	abstract_supports_core	yes	pdfs	yes		yes
500	22902739	abstract_supports_core	yes	pdfs	yes		yes
501	12408804	abstract_supports_detail	yes	pdfs	yes		yes
502	19638422	abstract_supports_core	yes	pdfs	yes		yes
503	20534815	abstract_supports_core	yes	pdfs	yes		yes
504	20300194	abstract_supports_core	yes	pdfs	yes		yes
505	18381083	abstract_supports_detail	yes	pdfs	yes		yes
506	29251491	abstract_supports_core	no		no	no_pdf	no
506	28928219	abstract_supports_detail	no		no	no_pdf	no
506	31128470	abstract_insufficient	no		no	no_pdf	no
507	25607232	abstract_supports_detail	yes	pdfs	yes		yes
508	16372899	abstract_supports_detail	yes	pdfs	yes		yes
51	17655921	abstract_supports_detail	yes	pdfs	yes		yes
510	22754623	abstract_supports_core	yes	pdfs	yes		yes
511	2159939	abstract_supports_core	yes	pdfs	yes		yes
511	1321061	abstract_supports_core	yes	pdfs	yes		yes
511	8482418	abstract_supports_core	yes	pdfs	no	low_chars_per_page	no
511	9126295	abstract_insufficient	yes	pdfs	yes		yes
511	8065317	abstract_supports_core	yes	pdfs	yes		yes
511	2545528	abstract_supports_core	yes	pdfs	yes		yes
511	2897942	abstract_insufficient	yes	pdfs	yes		yes
511	2843819	abstract_insufficient	yes	pdfs	yes		yes
511	2163344	abstract_insufficient	yes	pdfs	yes		yes
512	11264536	abstract_supports_core	yes	pdfs	yes		yes
513	19584094	abstract_supports_core	yes	pdfs	yes		yes
513	10404398	abstract_supports_core	yes	pdfs	yes		yes
514	20699477	abstract_supports_core	yes	pdfs	yes		yes
515	9427688	abstract_supports_core	no		no	no_pdf	no
515	12018385	abstract_supports_core	yes	pdfs	yes		yes
516	26940518	abstract_insufficient	yes	pdfs	yes		yes
517	20375144	abstract_insufficient	yes	pdfs	yes		yes
517	21085675	abstract_supports_detail	yes	pdfs	yes		yes
52	10556070	abstract_supports_detail	no		no	no_pdf	no
520	21085675	abstract_supports_detail	yes	pdfs	yes		yes
521	7811269	abstract_supports_core	yes	pdfs	no	low_chars_per_page	no
521	9151691	abstract_supports_detail	yes	pdfs	yes		yes
522	24847205	abstract_supports_core	yes	pdfs	yes		yes
522	14654223	abstract_supports_core	yes	pdfs	yes		yes
522	24981771	abstract_supports_core	yes	pdfs	yes		yes
523	12011437	abstract_supports_core	yes	pdfs	yes		yes
525	31263268	abstract_supports_core	yes	manual	yes		yes
526	11500376	abstract_insufficient	yes	pdfs	yes		yes
526	17380187	abstract_supports_detail	yes	pdfs	yes		yes
527	11422293	abstract_supports_core	yes	pdfs	yes		yes
527	16086850	abstract_insufficient	yes	pdfs	yes		yes
528	10473630	abstract_supports_detail	yes	pdfs	yes		yes
529	15740584	abstract_supports_detail	yes	pdfs	yes		yes
53	19765570	abstract_supports_core	yes	pdfs	yes		yes
530	26317626	abstract_insufficient	yes	pdfs	yes		yes
532	16086850	abstract_insufficient	yes	pdfs	yes		yes
533	10837033	abstract_supports_core	yes	pdfs	yes		yes
533	16086850	abstract_insufficient	yes	pdfs	yes		yes
534	24282234	abstract_insufficient	yes	pdfs	yes		yes
535	30967009	abstract_supports_core	yes	manual	yes		yes
536	16086850	abstract_insufficient	yes	pdfs	yes		yes
537	16086850	abstract_insufficient	yes	pdfs	yes		yes
538	18635356	abstract_supports_core	yes	pdfs	yes		yes
538	19763972	abstract_supports_core	yes	pdfs	yes		yes
539	16086850	abstract_insufficient	yes	pdfs	yes		yes
539	19779846	abstract_insufficient	yes	pdfs	yes		yes
54	19763972	abstract_supports_core	yes	pdfs	yes		yes
54	18635356	abstract_supports_core	yes	pdfs	yes		yes
54	20660630	abstract_supports_detail	yes	pdfs	yes		yes
54	27172998	abstract_supports_core	yes	pdfs	yes		yes
540	18504297	abstract_supports_core	yes	pdfs	yes		yes
541	18504297	abstract_supports_detail	yes	pdfs	yes		yes
541	25298405	abstract_insufficient	yes	pdfs	yes		yes
542	32818671	abstract_supports_detail	no		no	no_pdf	no
542	18504297	abstract_supports_detail	yes	pdfs	yes		yes
543	32818671	abstract_supports_detail	no		no	no_pdf	no
544	25298405	abstract_supports_core	yes	pdfs	yes		yes
545	15352238	abstract_supports_core	yes	pdfs	yes		yes
546	16086850	abstract_insufficient	yes	pdfs	yes		yes
547	30617109	abstract_insufficient	yes	manual	yes		yes
548	24587195	abstract_supports_detail	yes	pdfs	yes		yes
549	30462573	abstract_supports_core	yes	manual	yes		yes
55	24485835	abstract_supports_core	yes	pdfs	yes		yes
550	22128189	abstract_supports_detail	yes	pdfs	yes		yes
551	8986798	abstract_supports_core	yes	pdfs	yes		yes
552	24301467	abstract_supports_detail	yes	pdfs	yes		yes
553	1976383	abstract_supports_core	yes	pdfs	yes		yes
554	27009206	abstract_supports_core	yes	manual	yes		yes
555	27237792	abstract_supports_detail	yes	pdfs	yes		yes
556	10848635	abstract_supports_detail	yes	pdfs	yes		yes
557	27044073	abstract_supports_detail	yes	manual	yes		yes
558	25887420	abstract_insufficient	yes	pdfs	yes		yes
559	1536877	abstract_supports_core	yes	pdfs	yes		yes
56	21179207	abstract_supports_detail	yes	pdfs	yes		yes
560	11358877	abstract_supports_detail	yes	pdfs	yes		yes
561	25518940	abstract_supports_core	yes	pdfs	yes		yes
561	22944283	abstract_supports_core	yes	pdfs	yes		yes
562	8294503	abstract_insufficient	yes	pdfs	yes		yes
562	8081259	abstract_insufficient	no		no	no_pdf	no
563	4019595	abstract_insufficient	no		no	no_pdf	no
564	2500658	abstract_supports_core	yes	pdfs	yes		yes
565	2500658	abstract_supports_core	yes	pdfs	yes		yes
565	2539262	abstract_supports_core	yes	pdfs	yes		yes
565	1333842	abstract_supports_core	yes	pdfs	yes		yes
567	8186466	abstract_supports_detail	yes	pdfs	yes		yes
568	7937994	abstract_supports_core	yes	pdfs	yes		yes
568	19176583	abstract_supports_detail	yes	pdfs	yes		yes
568	1910174	abstract_insufficient	yes	pdfs	yes		yes
569	24930026	abstract_supports_core	yes	pdfs	yes		yes
57	30209138	abstract_supports_core	no		no	no_pdf	no
570	31372400	abstract_supports_detail	yes	manual	yes		yes
571	12176329	abstract_supports_detail	yes	pdfs	yes		yes
571	19635129	abstract_supports_core	yes	pdfs	yes		yes
572	16135826	abstract_supports_core	yes	pdfs	yes		yes
573	17950724	abstract_supports_core	yes	pdfs	yes		yes
574	24128258	abstract_insufficient	yes	pdfs	yes		yes
575	19176583	abstract_supports_core	yes	pdfs	yes		yes
576	23548898	abstract_supports_detail	yes	pdfs	yes		yes
577	11032815	abstract_supports_detail	yes	pdfs	no	known_bad	no
578	22008230	abstract_insufficient	yes	pdfs	yes		yes
579	26962009	abstract_supports_detail	yes	pdfs	yes		yes
58	7851634	abstract_insufficient	yes	pdfs	no	low_chars_per_page	no
580	30393033	abstract_insufficient	yes	manual	yes		yes
581	22644079	abstract_supports_detail	yes	pdfs	yes		yes
582	24248334	abstract_supports_core	yes	pdfs	yes		yes
583	24248334	abstract_insufficient	yes	pdfs	yes		yes
584	9177486	abstract_insufficient	yes	pdfs	yes		yes
585	1730409	abstract_supports_core	yes	pdfs	yes		yes
587	8982279	abstract_supports_detail	yes	pdfs	yes		yes
588	9808785	abstract_supports_detail	yes	pdfs	yes		yes
59	26074248	abstract_supports_core	yes	pdfs	yes		yes
590	9223628	abstract_supports_detail	yes	pdfs	yes		yes
591	7822284	abstract_supports_detail	yes	pdfs	no	low_chars_per_page	no
592	7867938	abstract_supports_detail	yes	pdfs	yes		yes
593	16243037	abstract_supports_detail	yes	pdfs	yes		yes
594	3320049	abstract_supports_core	yes	pdfs	yes		yes
594	2582489	abstract_supports_detail	yes	pdfs	yes		yes
595	28158557	abstract_supports_detail	no		no	no_pdf	no
596	31550289	abstract_supports_detail	yes	manual	yes		yes
597	16672332	abstract_insufficient	yes	pdfs	yes		yes
598	31044164	abstract_supports_detail	yes	manual	yes		yes
599	11220631	abstract_supports_core	yes	pdfs	yes		yes
6	31319820	abstract_insufficient	yes	manual	yes		yes
60	22128189	abstract_supports_core	yes	pdfs	yes		yes
60	25988702	abstract_insufficient	no		no	no_pdf	no
60	19687007	abstract_supports_detail	yes	pdfs	yes		yes
600	28414774	abstract_supports_detail	no		no	no_pdf	no
601	19808889	abstract_supports_detail	yes	pdfs	yes		yes
602	12070154	abstract_supports_detail	yes	pdfs	yes		yes
603	26330554	abstract_supports_detail	yes	pdfs	yes		yes
604	18835579	abstract_supports_detail	yes	pdfs	yes		yes
605	32397394	abstract_supports_detail	no		no	no_pdf	no
606	25887420	abstract_insufficient	yes	pdfs	yes		yes
607	22223109	abstract_supports_detail	yes	pdfs	yes		yes
608	21169559	abstract_insufficient	yes	pdfs	yes		yes
609	8026640	abstract_supports_detail	yes	pdfs	yes		yes
61	9190209	abstract_supports_detail	yes	pdfs	yes		yes
610	29890774	abstract_insufficient	yes	manual	yes		yes
610	29632077	abstract_supports_core	yes	manual	yes		yes
611	12421828	abstract_insufficient	yes	pdfs	yes		yes
612	22891261	abstract_supports_detail	yes	pdfs	yes		yes
613	11397018	abstract_supports_detail	yes	pdfs	yes		yes
614	16546177	abstract_supports_detail	yes	pdfs	yes		yes
615	29626371	abstract_supports_detail	yes	manual	yes		yes
616	12060658	abstract_supports_detail	yes	pdfs	yes		yes
617	21239624	abstract_supports_detail	yes	pdfs	yes		yes
618	20089846	abstract_supports_core	yes	pdfs	yes		yes
619	30967009	abstract_supports_core	yes	manual	yes		yes
619	16822579	abstract_insufficient	yes	pdfs	yes		yes
62	22366457	abstract_supports_core	yes	pdfs	yes		yes
62	19037099	abstract_supports_core	yes	pdfs	yes		yes
62	11208126	abstract_supports_detail	yes	pdfs	yes		yes
62	17584488	abstract_supports_core	yes	pdfs	yes		yes
62	27009206	abstract_supports_core	yes	manual	yes		yes
620	23886948	abstract_supports_core	yes	pdfs	yes		yes
621	6087882	abstract_supports_detail	yes	pdfs	yes		yes
621	2985583	abstract_supports_detail	yes	pdfs	yes		yes
622	18712789	abstract_supports_detail	yes	pdfs	yes		yes
623	22296834	abstract_supports_detail	yes	pdfs	yes		yes
624	29191847	abstract_supports_detail	yes	manual	yes		yes
625	9578623	abstract_supports_core	yes	pdfs	yes		yes
626	18486207	abstract_supports_core	yes	pdfs	yes		yes
627	22296834	abstract_supports_core	yes	pdfs	yes		yes
628	8947030	abstract_supports_detail	yes	pdfs	yes		yes
629	12952082	abstract_supports_core	yes	pdfs	yes		yes
63	27009206	abstract_supports_core	yes	manual	yes		yes
63	22264729	abstract_insufficient	yes	pdfs	yes		yes
631	19228419	abstract_supports_detail	yes	pdfs	yes		yes
632	21552328	abstract_supports_detail	yes	pdfs	yes		yes
633	25149514	abstract_supports_detail	yes	pdfs	yes		yes
634	21300429	abstract_supports_core	yes	pdfs	yes		yes
635	30916411	abstract_insufficient	no		no	no_pdf	no
635	21562226	abstract_insufficient	yes	pdfs	yes		yes
636	10593934	abstract_supports_core	yes	pdfs	yes		yes
637	20356373	abstract_supports_core	yes	pdfs	yes		yes
638	29440579	abstract_supports_core	yes	manual	yes		yes
639	24301467	abstract_supports_detail	yes	pdfs	yes		yes
64	14732403	abstract_supports_core	yes	pdfs	yes		yes
640	23333327	abstract_supports_detail	yes	pdfs	yes		yes
641	15708561	abstract_supports_core	yes	pdfs	yes		yes
642	17004322	abstract_supports_detail	yes	pdfs	yes		yes
643	23221467	abstract_supports_core	yes	pdfs	yes		yes
644	15817229	abstract_supports_detail	yes	pdfs	yes		yes
645	14871937	abstract_supports_core	yes	pdfs	yes		yes
646	15236669	abstract_insufficient	yes	pdfs	yes		yes
647	14732403	abstract_supports_detail	yes	pdfs	yes		yes
648	2557538	abstract_insufficient	yes	pdfs	yes		yes
649	23017206	abstract_supports_detail	yes	pdfs	yes		yes
65	10880352	abstract_supports_core	yes	pdfs	yes		yes
650	28889942	abstract_supports_core	no		no	no_pdf	no
651	28889942	abstract_supports_core	no		no	no_pdf	no
652	30967009	abstract_supports_detail	yes	manual	yes		yes
653	16512674	abstract_supports_core	yes	pdfs	yes		yes
655	19284976	abstract_insufficient	yes	pdfs	yes		yes
656	26246495	abstract_supports_detail	no		no	no_pdf	no
657	25540127	abstract_supports_detail	yes	pdfs	yes		yes
658	20231486	abstract_insufficient	yes	pdfs	yes		yes
659	30251676	abstract_supports_detail	no		no	no_pdf	no
66	21086149	abstract_supports_detail	yes	pdfs	yes		yes
660	15289548	abstract_supports_detail	yes	pdfs	yes		yes
661	20525180	abstract_supports_detail	yes	pdfs	yes		yes
662	1334012	abstract_supports_detail	yes	pdfs	yes		yes
663	9880338	abstract_supports_detail	yes	pdfs	yes		yes
664	29355521	abstract_insufficient	no		no	no_pdf	no
665	30404827	abstract_supports_detail	no		no	no_pdf	no
666	27791032	abstract_supports_detail	no		no	no_pdf	no
667	25222736	abstract_supports_core	yes	pdfs	yes		yes
669	9307965	abstract_supports_core	yes	pdfs	yes		yes
67	11481037	abstract_supports_detail	yes	pdfs	yes		yes
670	30967009	abstract_supports_detail	yes	manual	yes		yes
671	14665465	abstract_insufficient	yes	pdfs	yes		yes
672	32818671	abstract_supports_core	no		no	no_pdf	no
673	22379107	abstract_insufficient	yes	pdfs	yes		yes
674	17950724	abstract_supports_core	yes	pdfs	yes		yes
675	29355521	abstract_supports_detail	no		no	no_pdf	no
676	28027501	abstract_supports_core	no		no	no_pdf	no
677	11996675	abstract_supports_core	yes	manual	yes		yes
678	30916411	abstract_supports_detail	no		no	no_pdf	no
679	25143405	abstract_supports_detail	yes	pdfs	yes		yes
68	15851518	abstract_supports_core	yes	pdfs	yes		yes
680	22219373	abstract_supports_detail	yes	pdfs	yes		yes
681	32322581	abstract_insufficient	yes	manual	yes		yes
682	25189617	abstract_supports_detail	yes	pdfs	yes		yes
683	18077554	abstract_insufficient	yes	pdfs	yes		yes
684	16835443	abstract_supports_detail	yes	pdfs	yes		yes
684	16188250	abstract_supports_detail	yes	pdfs	yes		yes
685	14623897	abstract_supports_detail	yes	pdfs	yes		yes
686	10944536	abstract_supports_core	yes	pdfs	yes		yes
687	12392578	abstract_supports_detail	yes	pdfs	yes		yes
688	26183108	abstract_supports_detail	yes	pdfs	yes		yes
689	24463814	abstract_supports_detail	yes	pdfs	yes		yes
69	15821129	abstract_insufficient	yes	pdfs	yes		yes
690	24036346	abstract_insufficient	yes	pdfs	yes		yes
691	20500764	abstract_supports_detail	yes	pdfs	yes		yes
692	20709790	abstract_supports_detail	yes	pdfs	yes		yes
693	15470506	abstract_supports_core	yes	pdfs	yes		yes
694	30967009	abstract_supports_core	yes	manual	yes		yes
695	24390142	abstract_supports_core	yes	pdfs	yes		yes
696	21134080	abstract_insufficient	yes	pdfs	yes		yes
697	18768936	abstract_supports_detail	yes	pdfs	yes		yes
698	30029002	abstract_insufficient	no		no	no_pdf	no
699	11270120	abstract_supports_detail	yes	pdfs	yes		yes
70	15358428	abstract_supports_detail	yes	pdfs	yes		yes
700	19687007	abstract_supports_core	yes	pdfs	yes		yes
700	25988702	abstract_insufficient	no		no	no_pdf	no
701	17343681	abstract_supports_detail	yes	pdfs	yes		yes
703	9243512	abstract_supports_detail	yes	pdfs	yes		yes
704	27125566	abstract_supports_detail	yes	pdfs	yes		yes
705	8567716	abstract_supports_detail	yes	pdfs	yes		yes
706	10825297	abstract_supports_detail	no		no	no_pdf	no
707	15701689	abstract_insufficient	yes	pdfs	yes		yes
708	12952083	abstract_supports_detail	yes	pdfs	yes		yes
709	26940518	abstract_insufficient	yes	pdfs	yes		yes
71	15507488	abstract_insufficient	yes	pdfs	yes		yes
710	25143406	abstract_supports_detail	yes	pdfs	yes		yes
711	16675552	abstract_insufficient	yes	pdfs	yes		yes
711	17467078	abstract_supports_core	yes	pdfs	yes		yes
711	28889942	abstract_supports_detail	no		no	no_pdf	no
712	19635129	abstract_supports_core	yes	pdfs	yes		yes
712	22711818	abstract_supports_core	yes	pdfs	yes		yes
713	26940518	abstract_insufficient	yes	pdfs	yes		yes
714	2673549	abstract_supports_detail	no		no	no_pdf	no
715	12686622	abstract_supports_core	yes	pdfs	yes		yes
716	12175335	abstract_supports_detail	yes	pdfs	yes		yes
717	17010123	abstract_insufficient	yes	pdfs	yes		yes
717	18194410	abstract_supports_detail	yes	pdfs	yes		yes
718	31652367	abstract_supports_detail	yes	manual	yes		yes
719	30194235	abstract_supports_detail	no		no	no_pdf	no
72	14597204	abstract_insufficient	yes	pdfs	yes		yes
720	24248334	abstract_supports_detail	yes	pdfs	yes		yes
721	3093890	abstract_insufficient	yes	pdfs	no	low_chars_per_page	no
722	14557265	abstract_supports_detail	yes	pdfs	yes		yes
723	12686622	abstract_insufficient	yes	pdfs	yes		yes
724	14517319	abstract_supports_detail	yes	pdfs	yes		yes
725	7867938	abstract_supports_detail	yes	pdfs	yes		yes
726	20951045	abstract_supports_detail	yes	pdfs	yes		yes
727	16135826	abstract_supports_core	yes	pdfs	yes		yes
728	10980428	abstract_insufficient	yes	pdfs	yes		yes
729	12015984	abstract_supports_detail	yes	pdfs	yes		yes
73	27647881	abstract_supports_detail	yes	pdfs	yes		yes
730	18272966	abstract_insufficient	yes	pdfs	yes		yes
731	2380188	abstract_supports_detail	yes	pdfs	yes		yes
732	10898960	abstract_supports_detail	yes	pdfs	yes		yes
733	30967009	abstract_insufficient	yes	manual	yes		yes
735	25607232	abstract_supports_detail	yes	pdfs	yes		yes
736	10331990	abstract_insufficient	no		no	no_pdf	no
737	10421841	abstract_supports_detail	yes	pdfs	yes		yes
738	28302905	abstract_supports_core	no		no	no_pdf	no
739	19748467	abstract_supports_core	yes	pdfs	yes		yes
74	10651904	abstract_supports_core	yes	pdfs	yes		yes
74	9620859	abstract_supports_core	yes	pdfs	yes		yes
740	17380187	abstract_supports_detail	yes	pdfs	yes		yes
741	28619991	abstract_supports_core	no		no	no_pdf	no
741	19684855	abstract_supports_detail	yes	pdfs	yes		yes
742	11100898	abstract_supports_core	yes	pdfs	yes		yes
743	24867644	abstract_supports_core	yes	pdfs	yes		yes
744	17699599	abstract_supports_detail	yes	pdfs	yes		yes
745	15643062	abstract_supports_detail	yes	pdfs	yes		yes
746	11927596	abstract_supports_detail	yes	pdfs	yes		yes
747	17684569	abstract_supports_core	yes	pdfs	yes		yes
748	7822274	abstract_supports_detail	yes	pdfs	no	low_chars_per_page	no
749	9700162	abstract_supports_core	yes	pdfs	yes		yes
75	108168	abstract_supports_core	yes	pdfs	yes		yes
750	11973270	abstract_supports_detail	no		no	no_pdf	no
751	25518940	abstract_insufficient	yes	pdfs	yes		yes
752	19383941	abstract_supports_core	yes	pdfs	yes		yes
753	28819044	abstract_insufficient	yes	manual	yes		yes
754	12456012	abstract_insufficient	yes	pdfs	yes		yes
755	21701600	abstract_insufficient	yes	pdfs	yes		yes
756	11963653	abstract_supports_detail	yes	pdfs	yes		yes
757	16343335	abstract_supports_detail	yes	pdfs	yes		yes
758	2839474	abstract_supports_detail	yes	pdfs	yes		yes
758	2387408	abstract_supports_core	yes	pdfs	yes		yes
759	10444594	abstract_supports_detail	yes	pdfs	yes		yes
76	11356026	abstract_supports_core	yes	pdfs	yes		yes
760	15511086	abstract_supports_detail	yes	pdfs	yes		yes
761	1725525	abstract_supports_detail	no		no	no_pdf	no
763	24521843	abstract_supports_core	no		no	no_pdf	no
764	19409937	abstract_supports_detail	yes	pdfs	yes		yes
765	29602783	abstract_supports_core	no		no	no_pdf	no
766	30404827	abstract_insufficient	no		no	no_pdf	no
767	8026640	abstract_supports_core	yes	pdfs	yes		yes
768	8026640	abstract_supports_detail	yes	pdfs	yes		yes
769	27821733	abstract_supports_detail	no		no	no_pdf	no
77	21602484	abstract_supports_detail	yes	pdfs	yes		yes
770	2991881	abstract_supports_detail	yes	pdfs	yes		yes
771	15507488	abstract_insufficient	yes	pdfs	yes		yes
772	15621416	abstract_supports_core	yes	pdfs	yes		yes
773	8855370	abstract_supports_detail	yes	pdfs	yes		yes
774	15496465	abstract_supports_detail	yes	pdfs	yes		yes
775	9486804	abstract_supports_detail	no		no	no_pdf	no
776	15476260	abstract_supports_detail	yes	pdfs	yes		yes
777	17659086	abstract_insufficient	yes	pdfs	yes		yes
778	24373846	abstract_supports_detail	yes	pdfs	yes		yes
779	28011630	abstract_insufficient	yes	manual	yes		yes
78	11428129	abstract_supports_detail	yes	pdfs	yes		yes
780	18216168	abstract_insufficient	yes	pdfs	yes		yes
781	23473502	abstract_supports_core	yes	pdfs	yes		yes
783	18216168	abstract_supports_core	yes	pdfs	yes		yes
784	18430243	abstract_supports_detail	yes	pdfs	yes		yes
785	21671662	abstract_supports_core	yes	pdfs	yes		yes
786	15545285	abstract_supports_detail	yes	pdfs	yes		yes
787	15896312	abstract_supports_detail	yes	pdfs	yes		yes
788	9284050	abstract_supports_detail	yes	pdfs	yes		yes
789	24511612	abstract_supports_core	yes	pdfs	yes		yes
79	14718564	abstract_supports_detail	yes	pdfs	yes		yes
790	7958880	abstract_supports_core	yes	pdfs	yes		yes
791	15640146	abstract_supports_detail	yes	pdfs	yes		yes
792	15897458	abstract_supports_detail	yes	pdfs	yes		yes
793	10463155	abstract_supports_core	yes	pdfs	yes		yes
793	8798577	abstract_supports_detail	yes	pdfs	yes		yes
794	12204284	abstract_supports_detail	yes	pdfs	yes		yes
795	22024750	abstract_insufficient	yes	pdfs	yes		yes
796	9265658	abstract_supports_detail	yes	pdfs	yes		yes
797	2550894	abstract_insufficient	yes	pdfs	yes		yes
797	1646690	abstract_supports_core	yes	pdfs	yes		yes
798	9473320	abstract_supports_detail	yes	pdfs	yes		yes
798	15897458	abstract_supports_detail	yes	pdfs	yes		yes
799	11163223	abstract_supports_detail	yes	pdfs	yes		yes
8	7949426	abstract_supports_detail	yes	pdfs	yes		yes
800	3027076	abstract_supports_core	yes	pdfs	yes		yes
801	8486739	abstract_supports_detail	yes	pdfs	yes		yes
802	2176841	abstract_supports_detail	yes	pdfs	yes		yes
803	15546981	abstract_supports_core	yes	pdfs	yes		yes
803	22379107	abstract_supports_core	yes	pdfs	yes		yes
804	8898241	abstract_insufficient	no		no	no_pdf	no
805	10545495	abstract_supports_core	yes	pdfs	yes		yes
806	14641909	abstract_insufficient	yes	pdfs	yes		yes
807	16512674	abstract_supports_core	yes	pdfs	yes		yes
808	10854856	abstract_supports_detail	yes	pdfs	yes		yes
809	18160177	abstract_insufficient	yes	pdfs	yes		yes
81	16527814	abstract_supports_detail	yes	pdfs	yes		yes
810	18430243	abstract_supports_detail	yes	pdfs	yes		yes
811	23161062	abstract_supports_detail	yes	pdfs	yes		yes
811	19286984	abstract_supports_detail	yes	pdfs	yes		yes
812	31067156	abstract_insufficient	yes	manual	yes		yes
813	28819044	abstract_supports_detail	yes	manual	yes		yes
814	27170354	abstract_supports_detail	yes	pdfs	yes		yes
815	16582628	abstract_insufficient	yes	pdfs	yes		yes
816	19285397	abstract_supports_core	yes	pdfs	yes		yes
817	21602484	abstract_supports_detail	yes	pdfs	yes		yes
818	28365442	abstract_supports_detail	no		no	no_pdf	no
819	18326585	abstract_supports_core	yes	pdfs	yes		yes
82	11683919	abstract_supports_core	yes	pdfs	yes		yes
820	25887420	abstract_supports_core	yes	pdfs	yes		yes
821	19286984	abstract_supports_core	yes	pdfs	yes		yes
821	23161062	abstract_supports_detail	yes	pdfs	yes		yes
822	21875595	abstract_supports_detail	yes	pdfs	yes		yes
823	32061941	abstract_supports_core	no		no	no_pdf	no
824	15800059	abstract_supports_core	yes	pdfs	yes		yes
825	21034843	abstract_supports_core	yes	pdfs	yes		yes
826	32524725	abstract_supports_detail	yes	manual	yes		yes
827	7983143	abstract_supports_core	no		no	no_pdf	no
828	10189376	abstract_supports_detail	yes	pdfs	yes		yes
829	25149514	abstract_insufficient	yes	pdfs	yes		yes
83	31991113	abstract_supports_detail	no		no	no_pdf	no
830	28330902	abstract_supports_detail	yes	manual	yes		yes
831	10329620	abstract_supports_detail	yes	pdfs	yes		yes
832	24574058	abstract_supports_detail	yes	pdfs	yes		yes
833	9812977	abstract_supports_detail	yes	pdfs	yes		yes
834	22081140	abstract_supports_core	yes	pdfs	yes		yes
834	16079174	abstract_supports_core	yes	pdfs	yes		yes
835	31263268	abstract_supports_core	yes	manual	yes		yes
835	16079174	abstract_supports_detail	yes	pdfs	yes		yes
836	22266904	abstract_supports_core	yes	pdfs	yes		yes
837	10588668	abstract_supports_core	yes	pdfs	yes		yes
837	11865029	abstract_supports_detail	no		no	no_pdf	no
838	11865029	abstract_supports_detail	no		no	no_pdf	no
839	15276209	abstract_supports_core	yes	pdfs	yes		yes
84	25887420	abstract_insufficient	yes	pdfs	yes		yes
840	22266904	abstract_insufficient	yes	pdfs	yes		yes
841	5464526	abstract_supports_core	yes	pdfs	yes		yes
842	12456012	abstract_insufficient	yes	pdfs	yes		yes
843	30612939	abstract_supports_detail	no		no	no_pdf	no
844	15075287	abstract_insufficient	yes	pdfs	yes		yes
844	14665466	abstract_supports_core	yes	pdfs	yes		yes
845	30054386	abstract_supports_core	no		no	no_pdf	no
845	10848626	abstract_insufficient	yes	manual	yes		yes
846	30586322	abstract_supports_detail	no		no	no_pdf	no
847	21148389	abstract_insufficient	yes	pdfs	yes		yes
848	5813341	abstract_supports_detail	yes	pdfs	yes		yes
849	15342480	abstract_supports_detail	yes	pdfs	yes		yes
85	2540036	abstract_supports_detail	yes	pdfs	yes		yes
850	14701681	abstract_supports_detail	yes	pdfs	yes		yes
852	18413611	abstract_supports_detail	yes	pdfs	yes		yes
854	25887420	abstract_insufficient	yes	pdfs	yes		yes
855	21134080	abstract_insufficient	yes	pdfs	yes		yes
856	11428129	abstract_insufficient	yes	pdfs	yes		yes
857	7729573	abstract_supports_core	yes	pdfs	no	low_chars_per_page	no
858	8416797	abstract_supports_detail	yes	pdfs	no	low_chars_per_page	no
858	2581974	abstract_supports_core	yes	pdfs	yes		yes
859	9789030	abstract_supports_core	yes	pdfs	yes		yes
86	32061941	abstract_supports_core	no		no	no_pdf	no
861	16769729	abstract_supports_core	yes	pdfs	yes		yes
861	20089846	abstract_supports_detail	yes	pdfs	yes		yes
862	14706699	abstract_supports_detail	yes	pdfs	yes		yes
863	25448698	abstract_supports_core	yes	pdfs	yes		yes
864	22811266	abstract_supports_detail	yes	pdfs	yes		yes
865	25887420	abstract_insufficient	yes	pdfs	yes		yes
866	25887420	abstract_insufficient	yes	pdfs	yes		yes
867	25887420	abstract_insufficient	yes	pdfs	yes		yes
868	25887420	abstract_insufficient	yes	pdfs	yes		yes
869	25887420	abstract_insufficient	yes	pdfs	yes		yes
87	18415938	abstract_supports_core	no		no	no_pdf	no
870	16573737	abstract_insufficient	yes	pdfs	yes		yes
871	25887420	abstract_insufficient	yes	pdfs	yes		yes
872	25887420	abstract_insufficient	yes	pdfs	yes		yes
873	3902823	abstract_supports_core	yes	pdfs	yes		yes
873	2580746	abstract_supports_core	yes	pdfs	yes		yes
874	11927596	abstract_supports_detail	yes	pdfs	yes		yes
875	11102804	abstract_supports_detail	yes	pdfs	yes		yes
876	8099335	abstract_insufficient	yes	pdfs	yes		yes
876	9647646	abstract_supports_detail	yes	pdfs	yes		yes
877	12717731	abstract_supports_detail	yes	pdfs	yes		yes
878	12135922	abstract_supports_detail	no		no	no_pdf	no
879	10828443	abstract_supports_detail	yes	pdfs	yes		yes
88	30806144	abstract_supports_detail	no		no	no_pdf	no
880	4075402	abstract_supports_core	no		no	no_pdf	no
880	6509552	abstract_supports_detail	yes	pdfs	yes		yes
881	16571632	abstract_supports_detail	yes	pdfs	yes		yes
882	31051160	abstract_supports_detail	yes	manual	yes		yes
883	15827084	abstract_supports_detail	yes	pdfs	yes		yes
884	18424909	abstract_supports_core	yes	pdfs	yes		yes
885	10205164	abstract_supports_core	yes	pdfs	yes		yes
886	17416892	abstract_supports_detail	yes	pdfs	yes		yes
887	11004503	abstract_supports_detail	yes	pdfs	yes		yes
887	2921242	abstract_supports_detail	yes	pdfs	yes		yes
888	30785211	abstract_supports_detail	no		no	no_pdf	no
889	20966074	abstract_supports_detail	yes	pdfs	yes		yes
89	16445684	abstract_insufficient	yes	pdfs	yes		yes
89	9276759	abstract_supports_core	yes	pdfs	yes		yes
89	32482795	abstract_supports_detail	no		no	no_pdf	no
890	7659526	abstract_insufficient	yes	pdfs	yes		yes
891	10545250	abstract_supports_detail	yes	pdfs	yes		yes
891	11100904	abstract_supports_detail	yes	pdfs	yes		yes
892	23369714	abstract_supports_detail	yes	pdfs	yes		yes
892	21606208	abstract_insufficient	yes	pdfs	yes		yes
893	6717432	abstract_supports_core	yes	pdfs	yes		yes
894	9732292	abstract_supports_core	yes	pdfs	yes		yes
895	22689969	abstract_supports_core	yes	pdfs	yes		yes
896	57116	abstract_supports_detail	yes	pdfs	yes		yes
896	6162850	abstract_insufficient	yes	pdfs	yes		yes
897	15366936	abstract_supports_detail	yes	pdfs	yes		yes
898	16367873	abstract_insufficient	yes	pdfs	yes		yes
898	15950752	abstract_supports_core	yes	pdfs	yes		yes
899	10331990	abstract_supports_core	no		no	no_pdf	no
9	18636095	abstract_supports_core	yes	pdfs	yes		yes
90	18990192	abstract_supports_core	yes	pdfs	yes		yes
900	16571632	abstract_supports_core	yes	pdfs	yes		yes
900	17237363	abstract_supports_core	yes	pdfs	yes		yes
901	17587329	abstract_insufficient	yes	pdfs	yes		yes
902	2519618	abstract_supports_detail	yes	pdfs	yes		yes
903	11425877	abstract_supports_detail	yes	pdfs	yes		yes
903	12753645	abstract_supports_core	yes	pdfs	yes		yes
904	16415352	abstract_supports_detail	yes	pdfs	yes		yes
905	2519618	abstract_insufficient	yes	pdfs	yes		yes
905	2762320	abstract_supports_detail	yes	pdfs	yes		yes
906	2519618	abstract_insufficient	yes	pdfs	yes		yes
906	22367211	abstract_supports_core	yes	pdfs	yes		yes
906	2797149	abstract_supports_core	no		no	no_pdf	no
907	10973992	abstract_supports_detail	yes	pdfs	yes		yes
908	21671662	abstract_supports_detail	yes	pdfs	yes		yes
909	21712373	abstract_supports_detail	yes	pdfs	yes		yes
91	26755590	abstract_supports_detail	yes	pdfs	yes		yes
910	12826013	abstract_insufficient	yes	pdfs	yes		yes
911	8504170	abstract_supports_detail	yes	pdfs	yes		yes
912	21671662	abstract_supports_detail	yes	pdfs	yes		yes
913	25887420	abstract_insufficient	yes	pdfs	yes		yes
914	20351273	abstract_supports_core	yes	pdfs	yes		yes
915	25887420	abstract_insufficient	yes	pdfs	yes		yes
916	16355532	abstract_supports_core	yes	pdfs	yes		yes
916	15826949	abstract_supports_detail	yes	pdfs	yes		yes
917	10574761	abstract_supports_detail	yes	pdfs	yes		yes
917	7937787	abstract_insufficient	yes	pdfs	yes		yes
918	11267868	abstract_supports_detail	yes	pdfs	yes		yes
919	15470238	abstract_supports_detail	yes	pdfs	yes		yes
92	15236669	abstract_supports_core	yes	pdfs	yes		yes
920	25887420	abstract_insufficient	yes	pdfs	yes		yes
921	11267868	abstract_supports_detail	yes	pdfs	yes		yes
921	15470238	abstract_supports_core	yes	pdfs	yes		yes
921	10574761	abstract_supports_core	yes	pdfs	yes		yes
922	8884597	abstract_supports_core	yes	pdfs	yes		yes
923	8636147	abstract_supports_detail	yes	pdfs	yes		yes
924	18650439	abstract_supports_detail	yes	pdfs	yes		yes
925	19687255	abstract_supports_detail	yes	pdfs	yes		yes
926	10049776	abstract_supports_detail	yes	pdfs	yes		yes
926	10403059	abstract_supports_core	yes	pdfs	yes		yes
927	22736568	abstract_supports_core	yes	pdfs	yes		yes
928	10828443	abstract_supports_detail	yes	pdfs	yes		yes
929	15470506	abstract_supports_core	yes	pdfs	yes		yes
929	11208126	abstract_supports_core	yes	pdfs	yes		yes
93	16495217	abstract_supports_detail	yes	pdfs	yes		yes
93	31128470	abstract_insufficient	no		no	no_pdf	no
930	640375	abstract_supports_core	yes	pdfs	yes		yes
931	21701600	abstract_insufficient	yes	pdfs	yes		yes
932	28889942	abstract_supports_core	no		no	no_pdf	no
933	9786875	abstract_supports_core	yes	pdfs	yes		yes
934	12933827	abstract_insufficient	yes	pdfs	yes		yes
935	11956323	abstract_supports_detail	no		no	no_pdf	no
936	2049876	abstract_supports_detail	yes	pdfs	yes		yes
937	32745097	abstract_supports_detail	no		no	no_pdf	no
938	8294041	abstract_insufficient	yes	pdfs	yes		yes
939	8089175	abstract_supports_detail	yes	pdfs	yes		yes
940	8344435	abstract_insufficient	yes	pdfs	yes		yes
941	26927887	abstract_supports_core	yes	pdfs	yes		yes
942	15950752	abstract_insufficient	yes	pdfs	yes		yes
943	21327858	abstract_supports_detail	yes	pdfs	yes		yes
944	8816286	abstract_supports_detail	yes	pdfs	yes		yes
945	18948008	abstract_supports_detail	yes	pdfs	yes		yes
946	10880352	abstract_supports_detail	yes	pdfs	yes		yes
947	15309638	abstract_supports_detail	yes	pdfs	yes		yes
948	20200225	abstract_supports_core	yes	pdfs	yes		yes
948	22736568	abstract_supports_detail	yes	pdfs	yes		yes
949	19477920	abstract_supports_detail	yes	pdfs	yes		yes
949	9405107	abstract_supports_core	yes	pdfs	yes		yes
95	16963635	abstract_supports_detail	yes	pdfs	yes		yes
950	29128403	abstract_supports_core	no		no	no_pdf	no
951	1826615	abstract_supports_core	yes	pdfs	yes		yes
951	7862106	abstract_supports_core	yes	pdfs	yes		yes
951	1832674	abstract_supports_core	yes	pdfs	yes		yes
952	12626495	abstract_supports_core	yes	pdfs	yes		yes
953	21561987	abstract_supports_core	yes	pdfs	yes		yes
954	5344104	abstract_supports_detail	yes	pdfs	yes		yes
955	7771809	abstract_supports_detail	yes	pdfs	no	known_bad	no
956	18651095	abstract_supports_detail	yes	pdfs	yes		yes
957	10804029	abstract_supports_core	yes	pdfs	yes		yes
958	28365442	abstract_supports_detail	no		no	no_pdf	no
959	11959103	abstract_supports_detail	yes	pdfs	yes		yes
96	16051212	abstract_insufficient	yes	pdfs	yes		yes
960	30013019	abstract_supports_detail	yes	manual	yes		yes
961	12429832	abstract_insufficient	yes	pdfs	yes		yes
962	8816999	abstract_supports_detail	yes	pdfs	yes		yes
963	8636212	abstract_supports_detail	yes	pdfs	yes		yes
964	31216233	abstract_supports_core	yes	manual	yes		yes
965	21085675	abstract_supports_core	yes	pdfs	yes		yes
966	16672332	abstract_insufficient	yes	pdfs	yes		yes
966	7949425	abstract_supports_core	yes	pdfs	yes		yes
966	1930158	abstract_insufficient	yes	pdfs	yes		yes
966	19176583	abstract_supports_detail	yes	pdfs	yes		yes
967	15827084	abstract_supports_detail	yes	pdfs	yes		yes
968	9763450	abstract_supports_detail	yes	pdfs	yes		yes
969	11171061	abstract_insufficient	yes	pdfs	yes		yes
97	24282234	abstract_supports_detail	yes	pdfs	yes		yes
97	30473004	abstract_insufficient	yes	manual	yes		yes
970	11157987	abstract_supports_detail	yes	pdfs	yes		yes
971	15509655	abstract_supports_detail	yes	pdfs	yes		yes
972	7499325	abstract_supports_core	yes	pdfs	yes		yes
973	17040207	abstract_supports_core	yes	pdfs	yes		yes
974	11171061	abstract_supports_detail	yes	pdfs	yes		yes
975	16644729	abstract_insufficient	yes	pdfs	yes		yes
975	17040207	abstract_supports_detail	yes	pdfs	yes		yes
976	17040207	abstract_supports_detail	yes	pdfs	yes		yes
977	12429832	abstract_supports_detail	yes	pdfs	yes		yes
978	12429831	abstract_supports_detail	yes	pdfs	yes		yes
979	25887420	abstract_insufficient	yes	pdfs	yes		yes
98	28889942	abstract_insufficient	no		no	no_pdf	no
980	9391092	abstract_supports_detail	yes	manual	yes		yes
981	15131307	abstract_supports_core	yes	pdfs	yes		yes
981	9843585	abstract_supports_core	yes	pdfs	yes		yes
982	11927596	abstract_insufficient	yes	pdfs	yes		yes
982	11481037	abstract_insufficient	yes	pdfs	yes		yes
983	1310312	abstract_supports_core	yes	pdfs	yes		yes
984	25963254	abstract_supports_detail	yes	pdfs	yes		yes
985	29350155	abstract_insufficient	no		no	no_pdf	no
986	3308452	abstract_insufficient	yes	pdfs	yes		yes
987	10369671	abstract_supports_core	yes	pdfs	yes		yes
988	12506009	abstract_supports_detail	yes	pdfs	yes		yes
989	24485835	abstract_supports_core	yes	pdfs	yes		yes
99	8325874	abstract_supports_core	yes	pdfs	yes		yes
990	18089562	abstract_insufficient	yes	pdfs	yes		yes
990	11084033	abstract_supports_detail	yes	pdfs	yes		yes
991	22326871	abstract_supports_core	yes	pdfs	yes		yes
992	17699611	abstract_supports_detail	yes	pdfs	yes		yes
994	25013378	abstract_supports_detail	yes	pdfs	yes		yes
995	12413895	abstract_supports_detail	yes	pdfs	yes		yes
996	9389653	abstract_supports_detail	yes	pdfs	yes		yes
997	12413895	abstract_supports_detail	yes	pdfs	yes		yes
998	29118357	abstract_supports_detail	yes	manual	yes		yes
999	27836548	abstract_supports_detail	no		no	no_pdf	no
